State,Year,Days,Good,Moderate,UnhealthyForS,Unhealthy,VeryUnhealthy,Hazardous
Alabama,1980,2597,1304,675,431,179,8,0
Alabama,1981,3485,2043,704,504,220,14,0
Alabama,1982,3181,2095,667,321,93,5,0
Alabama,1983,2488,1538,570,295,76,9,0
Alabama,1984,2499,1718,464,251,65,1,0
Alabama,1985,2373,1673,495,182,22,1,0
Alabama,1986,2990,1840,682,360,102,6,0
Alabama,1987,2483,1459,610,303,103,8,0
Alabama,1988,2671,1661,591,308,98,13,0
Alabama,1989,2996,2215,575,178,28,0,0
Alabama,1990,3913,2835,743,276,56,3,0
Alabama,1991,3945,3072,635,210,28,0,0
Alabama,1992,4030,3165,626,204,35,0,0
Alabama,1993,4527,3297,890,281,55,4,0
Alabama,1994,4917,3865,754,258,40,0,0
Alabama,1995,4751,3633,755,295,59,9,0
Alabama,1996,4592,3532,796,209,51,4,0
Alabama,1997,4324,3320,749,232,22,1,0
Alabama,1998,4291,3119,788,286,86,12,0
Alabama,1999,4477,2221,1683,455,109,9,0
Alabama,2000,4871,2403,1882,494,85,7,0
Alabama,2001,5010,3076,1663,227,37,7,0
Alabama,2002,5469,3508,1642,276,41,2,0
Alabama,2003,5786,3625,1930,214,17,0,0
Alabama,2004,5793,3820,1808,154,10,1,0
Alabama,2005,5882,3624,2035,208,15,0,0
Alabama,2006,5830,3438,2118,247,26,1,0
Alabama,2007,5600,3042,2217,296,44,1,0
Alabama,2008,4819,3014,1735,64,6,0,0
Alabama,2009,4917,3577,1322,18,0,0,0
Alabama,2010,5108,2945,2085,72,6,0,0
Alabama,2011,4722,3264,1375,76,7,0,0
Alabama,2012,4481,3417,1000,60,4,0,0
Alabama,2013,4773,4048,722,3,0,0,0
Alabama,2014,4688,3842,830,16,0,0,0
Alabama,2015,5171,3920,1229,19,3,0,0
Alabama,2016,5008,3944,1035,24,5,0,0
Alabama,2017,5273,4187,1063,21,1,1,0
Alabama,2018,3559,2742,803,12,2,0,0
Alaska,1980,1177,864,225,48,24,16,0
Alaska,1981,1051,743,246,38,21,3,0
Alaska,1982,843,552,205,55,25,6,0
Alaska,1983,736,428,207,67,24,10,0
Alaska,1984,549,309,193,34,5,8,0
Alaska,1985,805,461,251,68,22,3,0
Alaska,1986,1062,682,306,58,15,1,0
Alaska,1987,1127,889,211,24,3,0,0
Alaska,1988,1473,1217,226,25,5,0,0
Alaska,1989,1793,1526,247,18,2,0,0
Alaska,1990,2008,1641,326,36,4,1,0
Alaska,1991,1848,1449,338,49,10,0,0
Alaska,1992,1700,1251,369,62,14,0,4
Alaska,1993,1688,1295,315,66,12,0,0
Alaska,1994,1498,1279,207,11,1,0,0
Alaska,1995,1391,1171,204,15,1,0,0
Alaska,1996,1300,1092,201,7,0,0,0
Alaska,1997,1197,1039,153,4,1,0,0
Alaska,1998,1088,937,146,4,1,0,0
Alaska,1999,1164,1030,123,9,2,0,0
Alaska,2000,1216,1056,146,11,3,0,0
Alaska,2001,1210,1049,153,8,0,0,0
Alaska,2002,1350,1215,126,8,1,0,0
Alaska,2003,1337,1247,85,3,1,0,1
Alaska,2004,1547,1432,94,7,4,3,5
Alaska,2005,1509,1394,107,6,2,0,0
Alaska,2006,1588,1391,170,25,2,0,0
Alaska,2007,1591,1404,168,17,2,0,0
Alaska,2008,1784,1593,157,27,7,0,0
Alaska,2009,1913,1610,248,35,18,1,1
Alaska,2010,2097,1776,280,33,8,0,0
Alaska,2011,2196,1882,279,29,5,1,0
Alaska,2012,2410,2069,293,21,25,2,0
Alaska,2013,2274,1952,255,38,29,0,0
Alaska,2014,2193,1745,349,47,50,2,0
Alaska,2015,2045,1647,324,30,41,3,0
Alaska,2016,1997,1657,278,38,24,0,0
Alaska,2017,1996,1717,227,31,21,0,0
Alaska,2018,1025,880,123,16,6,0,0
Arizona,1980,2691,959,540,458,727,7,0
Arizona,1981,3317,1311,494,493,1004,15,0
Arizona,1982,3334,1647,710,476,492,9,0
Arizona,1983,3491,1733,704,482,562,10,0
Arizona,1984,3464,1568,695,552,643,6,0
Arizona,1985,2858,1175,727,487,461,8,0
Arizona,1986,2370,891,796,413,268,2,0
Arizona,1987,2308,1249,701,282,76,0,0
Arizona,1988,2512,1424,722,285,81,0,0
Arizona,1989,2652,1399,903,295,55,0,0
Arizona,1990,2828,1697,854,227,50,0,0
Arizona,1991,2806,1774,837,158,36,1,0
Arizona,1992,2331,1548,634,123,25,1,0
Arizona,1993,2299,1441,659,157,42,0,0
Arizona,1994,1963,1173,677,107,6,0,0
Arizona,1995,2314,1433,732,124,25,0,0
Arizona,1996,2473,1440,832,179,21,1,0
Arizona,1997,2719,1665,870,168,15,0,1
Arizona,1998,2604,1407,933,229,34,1,0
Arizona,1999,2914,1386,1107,390,31,0,0
Arizona,2000,2849,1591,946,289,23,0,0
Arizona,2001,2924,1666,1006,224,28,0,0
Arizona,2002,2921,1485,1110,291,34,1,0
Arizona,2003,3588,1906,1342,306,34,0,0
Arizona,2004,3595,2144,1178,246,26,0,1
Arizona,2005,3922,2248,1328,304,42,0,0
Arizona,2006,4063,2065,1411,406,122,22,25
Arizona,2007,4082,2087,1533,350,68,19,19
Arizona,2008,4004,2102,1411,383,83,19,5
Arizona,2009,4212,2514,1479,181,29,2,4
Arizona,2010,4027,2419,1361,220,25,0,1
Arizona,2011,4168,2303,1521,284,31,13,7
Arizona,2012,4375,2416,1561,350,40,4,2
Arizona,2013,4506,2713,1516,221,43,8,3
Arizona,2014,4645,2822,1506,253,46,6,3
Arizona,2015,4670,3155,1281,191,32,1,2
Arizona,2016,4728,3085,1385,220,34,2,1
Arizona,2017,4703,2857,1545,262,36,2,1
Arizona,2018,3537,2068,1265,183,14,5,0
Arkansas,1980,616,476,84,38,17,1,0
Arkansas,1981,759,580,126,50,3,0,0
Arkansas,1982,964,836,112,15,1,0,0
Arkansas,1983,884,752,81,45,6,0,0
Arkansas,1984,701,592,78,27,4,0,0
Arkansas,1985,793,683,89,17,4,0,0
Arkansas,1986,1045,898,118,20,8,1,0
Arkansas,1987,865,704,120,30,11,0,0
Arkansas,1988,839,678,117,37,7,0,0
Arkansas,1989,1272,1100,148,23,1,0,0
Arkansas,1990,1627,1424,148,52,2,1,0
Arkansas,1991,2429,2050,261,102,15,1,0
Arkansas,1992,2777,2482,230,57,8,0,0
Arkansas,1993,2630,2266,285,68,11,0,0
Arkansas,1994,2608,2262,298,43,5,0,0
Arkansas,1995,2608,2147,348,99,12,2,0
Arkansas,1996,2643,2272,306,58,7,0,0
Arkansas,1997,2608,2181,357,62,8,0,0
Arkansas,1998,2055,1622,347,79,7,0,0
Arkansas,1999,2211,1470,626,98,17,0,0
Arkansas,2000,2966,1634,1214,97,21,0,0
Arkansas,2001,3287,1998,1207,69,13,0,0
Arkansas,2002,3440,2328,1016,76,18,2,0
Arkansas,2003,3420,2219,1150,43,7,1,0
Arkansas,2004,3023,2110,886,26,1,0,0
Arkansas,2005,2766,1561,1078,115,11,1,0
Arkansas,2006,2954,1868,1025,51,10,0,0
Arkansas,2007,3226,2149,1002,66,8,1,0
Arkansas,2008,3226,2292,921,12,1,0,0
Arkansas,2009,3226,2515,697,14,0,0,0
Arkansas,2010,3426,2290,1100,34,2,0,0
Arkansas,2011,3687,2626,1006,53,2,0,0
Arkansas,2012,3151,2304,791,51,5,0,0
Arkansas,2013,2955,2366,584,5,0,0,0
Arkansas,2014,2996,2533,460,3,0,0,0
Arkansas,2015,2977,2541,434,2,0,0,0
Arkansas,2016,3022,2662,356,2,2,0,0
Arkansas,2017,3022,2486,534,2,0,0,0
Arkansas,2018,2295,1795,491,9,0,0,0
California,1980,13694,7593,3505,1259,608,725,4
California,1981,14364,8459,3353,1280,612,660,0
California,1982,13811,8503,3200,1078,496,534,0
California,1983,13196,8366,2823,942,510,555,0
California,1984,13170,7585,3217,1082,706,580,0
California,1985,13564,7865,3257,1180,678,584,0
California,1986,13582,7666,3419,1288,644,565,0
California,1987,14765,8215,3674,1453,860,562,0
California,1988,14924,8292,3663,1542,816,611,0
California,1989,15364,8788,3856,1521,690,504,2
California,1990,15575,9300,3830,1429,629,380,4
California,1991,16029,9326,4186,1470,649,396,1
California,1992,17248,10766,3773,1614,730,362,2
California,1993,17786,11674,3846,1369,556,335,3
California,1994,18425,11224,4394,1766,691,345,1
California,1995,18385,11782,3980,1578,718,315,3
California,1996,17917,11077,3863,1830,875,265,2
California,1997,18186,12179,3918,1437,521,125,3
California,1998,18425,12281,3665,1529,694,250,4
California,1999,18382,10177,5052,2105,943,94,3
California,2000,18567,11389,4434,1785,838,93,7
California,2001,18694,11113,4841,1836,751,118,8
California,2002,18487,10363,4970,2021,934,166,6
California,2003,18358,10676,4898,1822,754,183,5
California,2004,18500,10749,5425,1709,527,62,7
California,2005,18319,11490,4868,1360,505,76,7
California,2006,18433,10882,5206,1636,623,68,3
California,2007,18440,10869,5453,1604,462,38,3
California,2008,18487,10134,6021,1566,635,118,3
California,2009,18445,10963,5732,1289,421,24,6
California,2010,18566,11758,5424,1055,282,24,5
California,2011,18665,10431,6500,1315,379,20,3
California,2012,18879,10925,6147,1396,369,20,6
California,2013,18694,10311,6866,1227,270,11,6
California,2014,18600,10463,6538,1285,291,10,5
California,2015,18585,10605,6552,1149,250,13,5
California,2016,18998,11581,5873,1240,250,22,10
California,2017,18936,10841,6296,1344,371,55,11
California,2018,11188,7087,3389,565,133,11,1
Colorado,1980,3369,2126,968,236,31,8,0
Colorado,1981,3387,2103,988,238,38,18,2
Colorado,1982,3514,2217,1037,203,43,14,0
Colorado,1983,3358,1954,1036,308,42,18,0
Colorado,1984,3564,2167,1134,218,32,13,0
Colorado,1985,4291,2923,1177,174,8,8,1
Colorado,1986,4801,2946,1587,236,23,8,1
Colorado,1987,3991,2405,1351,195,32,8,0
Colorado,1988,5516,3915,1348,214,37,2,0
Colorado,1989,6030,4559,1273,188,10,0,0
Colorado,1990,6356,5279,988,84,5,0,0
Colorado,1991,6312,4740,1457,110,4,1,0
Colorado,1992,6908,5315,1488,96,8,1,0
Colorado,1993,7258,5757,1358,135,8,0,0
Colorado,1994,7330,5635,1577,114,4,0,0
Colorado,1995,7595,6159,1318,112,6,0,0
Colorado,1996,7576,6026,1391,157,2,0,0
Colorado,1997,7390,6036,1275,79,0,0,0
Colorado,1998,7599,5904,1524,150,21,0,0
Colorado,1999,7610,6165,1352,85,5,1,2
Colorado,2000,7648,6025,1464,155,4,0,0
Colorado,2001,7787,6303,1382,96,6,0,0
Colorado,2002,7700,5987,1519,178,16,0,0
Colorado,2003,7805,6265,1306,201,28,5,0
Colorado,2004,7781,6444,1278,59,0,0,0
Colorado,2005,7792,6168,1462,159,3,0,0
Colorado,2006,7981,6112,1605,237,26,1,0
Colorado,2007,8146,5748,2108,253,35,1,1
Colorado,2008,7786,5640,1943,196,6,1,0
Colorado,2009,8477,6642,1755,76,4,0,0
Colorado,2010,8799,6333,2294,163,9,0,0
Colorado,2011,9123,6127,2704,277,13,1,0
Colorado,2012,9058,6139,2522,369,27,1,0
Colorado,2013,9130,6475,2422,211,18,3,0
Colorado,2014,9067,7044,1929,86,7,1,0
Colorado,2015,8988,6991,1887,103,5,2,0
Colorado,2016,9220,7277,1856,80,6,1,0
Colorado,2017,8988,6706,2177,102,3,0,0
Colorado,2018,6265,4043,2020,188,13,1,0
Connecticut,1980,1574,543,522,209,157,143,0
Connecticut,1981,1632,642,613,192,110,75,0
Connecticut,1982,1674,631,621,231,109,82,0
Connecticut,1983,1746,656,627,198,114,151,0
Connecticut,1984,1823,766,694,209,92,62,0
Connecticut,1985,1877,846,678,249,70,34,0
Connecticut,1986,1870,912,706,192,45,15,0
Connecticut,1987,1869,957,647,165,59,41,0
Connecticut,1988,1946,996,590,197,87,76,0
Connecticut,1989,1982,1058,674,171,52,27,0
Connecticut,1990,2005,1239,528,171,42,25,0
Connecticut,1991,2296,1450,575,151,82,38,0
Connecticut,1992,2365,1753,460,103,42,7,0
Connecticut,1993,2348,1628,541,106,57,16,0
Connecticut,1994,2347,1566,541,160,70,10,0
Connecticut,1995,2349,1795,382,103,45,24,0
Connecticut,1996,2299,1768,408,89,30,4,0
Connecticut,1997,2299,1744,389,76,67,23,0
Connecticut,1998,2389,1756,453,128,45,7,0
Connecticut,1999,2114,1349,564,106,77,18,0
Connecticut,2000,2106,1398,575,108,22,3,0
Connecticut,2001,1881,1051,653,107,56,14,0
Connecticut,2002,1925,1085,597,125,92,26,0
Connecticut,2003,1937,1157,640,106,25,9,0
Connecticut,2004,1933,1269,573,78,11,2,0
Connecticut,2005,1994,1274,552,115,45,8,0
Connecticut,2006,2048,1413,510,89,30,6,0
Connecticut,2007,2145,1417,544,135,44,5,0
Connecticut,2008,2179,1514,562,84,19,0,0
Connecticut,2009,2181,1712,431,38,0,0,0
Connecticut,2010,2181,1621,470,81,9,0,0
Connecticut,2011,2197,1726,403,48,20,0,0
Connecticut,2012,2518,1782,607,103,26,0,0
Connecticut,2013,2520,1707,734,64,15,0,0
Connecticut,2014,2529,1884,589,53,3,0,0
Connecticut,2015,2541,1873,574,84,10,0,0
Connecticut,2016,2529,1961,484,68,16,0,0
Connecticut,2017,2579,2172,351,45,11,0,0
Connecticut,2018,1386,1163,195,28,0,0,0
Delaware,1980,1009,570,231,157,43,8,0
Delaware,1981,913,625,190,91,7,0,0
Delaware,1982,874,544,203,100,20,7,0
Delaware,1983,1020,417,326,170,69,38,0
Delaware,1984,1075,468,389,167,42,9,0
Delaware,1985,1072,423,385,200,52,12,0
Delaware,1986,994,436,381,133,41,3,0
Delaware,1987,1027,456,346,145,65,15,0
Delaware,1988,1008,431,299,181,51,46,0
Delaware,1989,951,397,366,148,37,3,0
Delaware,1990,903,428,311,136,24,4,0
Delaware,1991,991,526,307,128,18,12,0
Delaware,1992,1015,639,277,83,15,1,0
Delaware,1993,895,429,287,134,42,3,0
Delaware,1994,903,446,299,132,23,3,0
Delaware,1995,896,458,270,128,32,8,0
Delaware,1996,885,483,255,129,17,1,0
Delaware,1997,921,499,244,137,34,7,0
Delaware,1998,878,408,291,125,50,4,0
Delaware,1999,913,377,367,121,43,5,0
Delaware,2000,913,392,416,88,14,3,0
Delaware,2001,919,349,427,105,36,2,0
Delaware,2002,918,363,389,120,43,3,0
Delaware,2003,909,425,370,101,9,4,0
Delaware,2004,892,416,412,61,3,0,0
Delaware,2005,893,377,406,90,19,1,0
Delaware,2006,897,413,395,80,9,0,0
Delaware,2007,888,430,385,68,4,1,0
Delaware,2008,894,459,372,59,3,1,0
Delaware,2009,885,598,278,7,2,0,0
Delaware,2010,976,572,338,54,12,0,0
Delaware,2011,1095,750,306,32,7,0,0
Delaware,2012,1074,712,303,49,10,0,0
Delaware,2013,1087,794,282,11,0,0,0
Delaware,2014,1094,761,319,12,2,0,0
Delaware,2015,1095,756,326,12,1,0,0
Delaware,2016,1096,828,253,14,1,0,0
Delaware,2017,1091,853,225,13,0,0,0
Delaware,2018,913,726,175,12,0,0,0
District Of Columbia,1980,366,120,159,53,25,9,0
District Of Columbia,1981,365,51,254,46,13,1,0
District Of Columbia,1982,365,105,204,35,14,7,0
District Of Columbia,1983,365,106,195,28,28,8,0
District Of Columbia,1984,360,103,206,38,8,5,0
District Of Columbia,1985,358,81,218,47,9,3,0
District Of Columbia,1986,364,78,228,49,9,0,0
District Of Columbia,1987,365,116,189,35,23,2,0
District Of Columbia,1988,339,217,78,22,14,8,0
District Of Columbia,1989,351,169,146,30,5,1,0
District Of Columbia,1990,365,130,193,38,4,0,0
District Of Columbia,1991,365,118,195,44,7,1,0
District Of Columbia,1992,366,162,178,25,1,0,0
District Of Columbia,1993,365,144,171,31,17,2,0
District Of Columbia,1994,364,114,195,46,7,2,0
District Of Columbia,1995,364,177,129,39,16,3,0
District Of Columbia,1996,366,188,147,24,7,0,0
District Of Columbia,1997,365,202,119,25,16,3,0
District Of Columbia,1998,365,187,121,37,19,1,0
District Of Columbia,1999,365,116,188,37,22,2,0
District Of Columbia,2000,366,112,216,32,6,0,0
District Of Columbia,2001,365,100,224,30,9,2,0
District Of Columbia,2002,365,111,206,30,13,5,0
District Of Columbia,2003,365,124,216,21,2,2,0
District Of Columbia,2004,366,133,212,18,3,0,0
District Of Columbia,2005,365,126,209,26,4,0,0
District Of Columbia,2006,365,157,173,26,9,0,0
District Of Columbia,2007,365,152,182,26,5,0,0
District Of Columbia,2008,366,181,169,12,4,0,0
District Of Columbia,2009,365,193,163,9,0,0,0
District Of Columbia,2010,365,180,150,28,7,0,0
District Of Columbia,2011,365,135,214,13,3,0,0
District Of Columbia,2012,366,127,211,24,4,0,0
District Of Columbia,2013,365,203,161,1,0,0,0
District Of Columbia,2014,365,225,136,4,0,0,0
District Of Columbia,2015,365,217,143,5,0,0,0
District Of Columbia,2016,366,211,148,7,0,0,0
District Of Columbia,2017,365,179,182,4,0,0,0
District Of Columbia,2018,305,203,100,2,0,0,0
Florida,1980,5674,3827,1158,573,113,3,0
Florida,1981,5672,3570,1377,607,117,1,0
Florida,1982,5012,3406,1144,390,70,2,0
Florida,1983,5189,3638,1178,308,62,3,0
Florida,1984,4712,3103,1186,346,77,0,0
Florida,1985,4594,3299,921,302,69,3,0
Florida,1986,4988,3625,909,374,77,3,0
Florida,1987,5157,3664,957,420,109,7,0
Florida,1988,5545,3962,1082,412,88,1,0
Florida,1989,5593,3992,1128,391,82,0,0
Florida,1990,5683,4113,1089,410,71,0,0
Florida,1991,5851,4561,966,284,39,1,0
Florida,1992,7284,5487,1249,470,78,0,0
Florida,1993,7649,5552,1504,524,69,0,0
Florida,1994,7935,6153,1248,478,56,0,0
Florida,1995,8317,6469,1448,367,33,0,0
Florida,1996,9226,7378,1490,333,24,1,0
Florida,1997,9889,7794,1596,462,37,0,0
Florida,1998,9968,7424,1807,598,125,14,0
Florida,1999,10136,6928,2576,568,63,1,0
Florida,2000,10531,7050,2736,665,78,2,0
Florida,2001,11664,8681,2498,431,54,0,0
Florida,2002,12113,9579,2224,302,8,0,0
Florida,2003,12074,9483,2193,374,24,0,0
Florida,2004,11739,8516,2876,319,27,1,0
Florida,2005,11963,8466,3131,348,18,0,0
Florida,2006,12075,8360,3326,366,23,0,0
Florida,2007,12107,8742,3051,271,41,1,1
Florida,2008,11902,9072,2645,172,13,0,0
Florida,2009,12306,10027,2220,58,1,0,0
Florida,2010,12550,9505,2941,92,12,0,0
Florida,2011,13562,10764,2648,142,8,0,0
Florida,2012,13939,11897,1966,69,7,0,0
Florida,2013,13463,11830,1600,32,0,1,0
Florida,2014,13944,11913,1981,48,2,0,0
Florida,2015,14026,12507,1497,22,0,0,0
Florida,2016,13924,12221,1683,17,3,0,0
Florida,2017,13864,11976,1845,43,0,0,0
Florida,2018,7853,6508,1314,29,2,0,0
Georgia,1980,3750,2896,589,211,45,9,0
Georgia,1981,1312,923,287,67,28,7,0
Georgia,1982,1124,754,274,80,15,1,0
Georgia,1983,2833,2146,457,167,37,26,0
Georgia,1984,1234,762,349,93,22,8,0
Georgia,1985,1260,827,324,86,19,4,0
Georgia,1986,1378,788,377,151,49,13,0
Georgia,1987,4043,2693,762,403,161,24,0
Georgia,1988,4364,3010,763,413,135,43,0
Georgia,1989,4419,3253,836,284,45,1,0
Georgia,1990,4086,2700,846,398,122,20,0
Georgia,1991,4359,3381,747,189,40,2,0
Georgia,1992,5242,4124,831,233,51,3,0
Georgia,1993,4667,3315,920,318,93,21,0
Georgia,1994,4839,3781,806,202,46,4,0
Georgia,1995,5413,4019,970,305,93,26,0
Georgia,1996,4621,3412,915,210,75,9,0
Georgia,1997,4981,3573,1008,307,82,11,0
Georgia,1998,6135,4187,1220,452,220,56,0
Georgia,1999,6480,3270,2163,682,295,70,0
Georgia,2000,7767,4272,2625,680,155,35,0
Georgia,2001,7752,4842,2409,432,65,4,0
Georgia,2002,7707,4884,2241,440,127,15,0
Georgia,2003,8067,5091,2654,293,26,3,0
Georgia,2004,8380,4797,3297,248,36,2,0
Georgia,2005,8856,4807,3528,479,40,2,0
Georgia,2006,9056,4563,3967,435,82,9,0
Georgia,2007,8712,4337,3772,479,119,5,0
Georgia,2008,9598,5152,4190,233,22,1,0
Georgia,2009,9070,5903,3089,68,9,1,0
Georgia,2010,9187,5212,3837,122,15,1,0
Georgia,2011,9460,5387,3801,258,14,0,0
Georgia,2012,9495,6326,3036,113,19,1,0
Georgia,2013,9520,7263,2217,39,1,0,0
Georgia,2014,9422,6724,2652,45,1,0,0
Georgia,2015,9449,7380,2031,32,5,1,0
Georgia,2016,9170,7193,1867,95,15,0,0
Georgia,2017,8599,6986,1594,16,2,0,1
Georgia,2018,5366,4265,1079,22,0,0,0
Hawaii,1980,361,361,0,0,0,0,0
Hawaii,1981,357,324,33,0,0,0,0
Hawaii,1982,365,280,69,16,0,0,0
Hawaii,1983,365,242,93,29,1,0,0
Hawaii,1984,366,219,121,25,1,0,0
Hawaii,1985,378,296,70,12,0,0,0
Hawaii,1986,416,412,4,0,0,0,0
Hawaii,1987,774,655,14,17,88,0,0
Hawaii,1988,727,687,8,5,27,0,0
Hawaii,1989,806,697,5,13,91,0,0
Hawaii,1990,704,649,9,9,37,0,0
Hawaii,1991,979,894,14,16,55,0,0
Hawaii,1992,1126,979,30,39,78,0,0
Hawaii,1993,1127,1027,13,30,57,0,0
Hawaii,1994,1130,1043,23,13,51,0,0
Hawaii,1995,1009,868,11,32,98,0,0
Hawaii,1996,1029,889,15,38,87,0,0
Hawaii,1997,1092,988,27,35,42,0,0
Hawaii,1998,1112,1014,46,15,36,1,0
Hawaii,1999,1133,1037,39,21,36,0,0
Hawaii,2000,1114,1016,41,16,41,0,0
Hawaii,2001,1088,968,41,24,55,0,0
Hawaii,2002,1125,989,20,43,72,1,0
Hawaii,2003,1139,978,27,35,99,0,0
Hawaii,2004,1108,957,19,55,77,0,0
Hawaii,2005,1295,1146,35,36,76,2,0
Hawaii,2006,1411,1265,28,21,96,1,0
Hawaii,2007,1065,852,60,59,94,0,0
Hawaii,2008,1078,695,34,84,252,13,0
Hawaii,2009,1088,693,43,80,250,20,2
Hawaii,2010,1073,633,95,78,245,16,5
Hawaii,2011,1324,834,217,138,135,0,0
Hawaii,2012,1444,1006,98,115,221,3,1
Hawaii,2013,1457,1042,111,144,159,1,0
Hawaii,2014,1403,1032,100,140,130,1,0
Hawaii,2015,1457,1037,116,153,148,3,0
Hawaii,2016,1456,1058,86,129,181,1,1
Hawaii,2017,1457,1065,91,132,167,2,0
Hawaii,2018,968,731,69,64,99,5,0
Idaho,1980,1456,416,427,365,248,0,0
Idaho,1981,1360,434,372,339,215,0,0
Idaho,1982,1398,793,293,191,121,0,0
Idaho,1983,1306,723,270,163,148,2,0
Idaho,1984,1060,584,195,143,138,0,0
Idaho,1985,1073,525,242,179,127,0,0
Idaho,1986,1300,861,301,82,55,1,0
Idaho,1987,1349,930,302,75,42,0,0
Idaho,1988,1444,963,378,84,19,0,0
Idaho,1989,1670,1163,406,83,16,0,2
Idaho,1990,1486,1084,340,56,6,0,0
Idaho,1991,1141,864,270,4,1,0,2
Idaho,1992,1298,1034,259,2,1,0,2
Idaho,1993,1487,1253,233,1,0,0,0
Idaho,1994,1671,1381,285,5,0,0,0
Idaho,1995,2492,2203,253,36,0,0,0
Idaho,1996,2542,2158,327,51,4,1,1
Idaho,1997,2920,2514,350,50,5,1,0
Idaho,1998,2989,2585,355,45,2,2,0
Idaho,1999,4195,3397,602,131,61,3,1
Idaho,2000,4175,3301,693,147,31,3,0
Idaho,2001,4325,3322,800,134,67,2,0
Idaho,2002,4533,3464,948,99,22,0,0
Idaho,2003,4691,3899,699,69,24,0,0
Idaho,2004,5829,4766,971,85,7,0,0
Idaho,2005,6733,5513,1131,72,17,0,0
Idaho,2006,5724,4648,991,76,9,0,0
Idaho,2007,5818,4677,1067,62,11,1,0
Idaho,2008,5610,4804,771,31,4,0,0
Idaho,2009,5852,5060,748,43,1,0,0
Idaho,2010,4999,4209,737,50,3,0,0
Idaho,2011,5409,4670,691,42,6,0,0
Idaho,2012,5147,4241,795,53,45,13,0
Idaho,2013,3958,3235,634,68,21,0,0
Idaho,2014,3658,3108,499,46,5,0,0
Idaho,2015,5964,4966,829,114,48,6,1
Idaho,2016,6804,5859,872,67,6,0,0
Idaho,2017,7022,5503,1258,173,64,23,1
Idaho,2018,3837,3431,385,20,1,0,0
Illinois,1980,7303,4244,1715,1008,311,25,0
Illinois,1981,7758,4975,1813,791,170,9,0
Illinois,1982,8527,5886,1894,634,109,4,0
Illinois,1983,8709,5431,1979,1007,262,30,0
Illinois,1984,8525,5287,1972,1016,236,14,0
Illinois,1985,8554,5426,1979,956,183,10,0
Illinois,1986,8213,5235,1823,948,201,6,0
Illinois,1987,7412,4512,1746,953,185,16,0
Illinois,1988,7939,4509,1887,1129,366,48,0
Illinois,1989,8274,5282,1963,858,167,4,0
Illinois,1990,8347,5885,1723,648,90,1,0
Illinois,1991,8389,5666,1717,830,166,10,0
Illinois,1992,8066,5756,1532,675,98,5,0
Illinois,1993,7381,5487,1290,545,57,2,0
Illinois,1994,7509,5077,1582,732,114,4,0
Illinois,1995,7851,5430,1487,742,183,9,0
Illinois,1996,7885,5675,1436,643,126,5,0
Illinois,1997,8081,5881,1509,605,82,4,0
Illinois,1998,8014,5527,1777,620,89,1,0
Illinois,1999,7911,5291,1790,704,124,2,0
Illinois,2000,8108,5474,2142,461,31,0,0
Illinois,2001,8434,5563,2353,464,54,0,0
Illinois,2002,8480,5571,2204,576,119,10,0
Illinois,2003,8542,6162,1974,377,27,2,0
Illinois,2004,8578,6685,1651,228,14,0,0
Illinois,2005,8572,5781,2275,453,60,3,0
Illinois,2006,8576,6430,1883,236,27,0,0
Illinois,2007,8664,5559,2669,392,42,2,0
Illinois,2008,8579,6426,1976,150,27,0,0
Illinois,2009,8627,6562,1949,101,14,1,0
Illinois,2010,8419,6191,2068,150,10,0,0
Illinois,2011,8583,6563,1862,138,20,0,0
Illinois,2012,8719,6372,1950,348,47,2,0
Illinois,2013,8537,7020,1450,61,6,0,0
Illinois,2014,8516,6943,1503,66,4,0,0
Illinois,2015,8607,7125,1441,39,2,0,0
Illinois,2016,8823,7410,1323,88,2,0,0
Illinois,2017,9263,7536,1659,67,1,0,0
Illinois,2018,7044,5315,1632,87,10,0,0
Indiana,1980,7461,3537,2080,1370,440,34,0
Indiana,1981,9791,4704,2538,1902,636,11,0
Indiana,1982,8908,4295,2406,1639,555,13,0
Indiana,1983,9649,4575,2365,1937,744,28,0
Indiana,1984,9733,4208,2576,2208,729,12,0
Indiana,1985,9744,4064,2789,2214,670,7,0
Indiana,1986,9623,4555,2686,1851,521,10,0
Indiana,1987,9809,4686,2682,1943,490,8,0
Indiana,1988,10182,4987,2660,1743,725,67,0
Indiana,1989,10110,5266,2857,1531,451,5,0
Indiana,1990,10308,5503,2794,1619,386,6,0
Indiana,1991,10213,5634,2771,1431,365,12,0
Indiana,1992,9414,5726,2310,1123,251,4,0
Indiana,1993,9538,5771,2299,1232,235,1,0
Indiana,1994,8829,5233,2151,1151,277,17,0
Indiana,1995,9318,6039,2061,966,231,21,0
Indiana,1996,9439,6513,1910,808,195,12,0
Indiana,1997,9788,6723,2087,788,182,8,0
Indiana,1998,9324,5744,2305,1020,238,17,0
Indiana,1999,9264,5483,2481,1046,252,2,0
Indiana,2000,11184,6839,3419,795,130,1,0
Indiana,2001,11733,7070,3490,1050,123,0,0
Indiana,2002,11750,6921,3425,996,378,30,0
Indiana,2003,11831,7295,3567,830,137,2,0
Indiana,2004,11826,7891,3339,557,39,0,0
Indiana,2005,11617,6834,3706,997,79,1,0
Indiana,2006,11420,7547,3327,511,35,0,0
Indiana,2007,11799,6522,4319,895,63,0,0
Indiana,2008,10937,6976,3631,304,26,0,0
Indiana,2009,10784,7434,3152,192,6,0,0
Indiana,2010,11037,6863,3912,248,14,0,0
Indiana,2011,11245,7367,3596,265,17,0,0
Indiana,2012,11550,7615,3469,422,38,6,0
Indiana,2013,11883,8802,2988,88,5,0,0
Indiana,2014,12562,9109,3297,149,7,0,0
Indiana,2015,12763,9853,2822,81,7,0,0
Indiana,2016,11902,9700,2087,112,2,1,0
Indiana,2017,12357,10375,1924,57,1,0,0
Indiana,2018,9693,7896,1677,116,4,0,0
Iowa,1980,2735,1877,585,233,36,4,0
Iowa,1981,2493,1816,487,176,14,0,0
Iowa,1982,2701,1986,510,181,24,0,0
Iowa,1983,2755,1896,563,222,69,5,0
Iowa,1984,3011,2190,539,217,64,1,0
Iowa,1985,2819,2123,413,212,71,0,0
Iowa,1986,3230,2379,515,242,93,1,0
Iowa,1987,3449,2469,585,318,77,0,0
Iowa,1988,3516,2374,595,408,138,1,0
Iowa,1989,3442,2408,594,344,96,0,0
Iowa,1990,3495,2531,515,331,118,0,0
Iowa,1991,3547,2615,551,307,74,0,0
Iowa,1992,3217,2381,530,257,49,0,0
Iowa,1993,3330,2561,499,241,29,0,0
Iowa,1994,3250,2426,564,221,39,0,0
Iowa,1995,3357,2496,603,211,47,0,0
Iowa,1996,3502,2745,575,142,40,0,0
Iowa,1997,4051,3155,710,165,21,0,0
Iowa,1998,4051,3282,595,151,22,1,0
Iowa,1999,4171,2960,960,199,52,0,0
Iowa,2000,4690,3242,1265,157,26,0,0
Iowa,2001,4625,3386,1157,81,1,0,0
Iowa,2002,4965,3587,1251,122,5,0,0
Iowa,2003,4920,3472,1335,113,0,0,0
Iowa,2004,5045,3893,1058,92,2,0,0
Iowa,2005,5068,3495,1385,186,2,0,0
Iowa,2006,4807,3620,1114,73,0,0,0
Iowa,2007,4948,3299,1488,148,13,0,0
Iowa,2008,5172,3775,1337,53,7,0,0
Iowa,2009,5336,3966,1339,30,1,0,0
Iowa,2010,5430,3738,1613,76,3,0,0
Iowa,2011,5403,3614,1748,28,13,0,0
Iowa,2012,5450,3528,1831,84,7,0,0
Iowa,2013,5546,3913,1558,71,4,0,0
Iowa,2014,5560,3955,1524,75,6,0,0
Iowa,2015,5582,4235,1321,23,3,0,0
Iowa,2016,5601,4433,1156,10,2,0,0
Iowa,2017,4997,3782,1212,3,0,0,0
Iowa,2018,3932,2902,1013,17,0,0,0
Kansas,1980,1075,726,222,111,15,1,0
Kansas,1981,820,459,190,121,50,0,0
Kansas,1982,915,599,243,56,17,0,0
Kansas,1983,1004,614,305,78,7,0,0
Kansas,1984,1050,761,209,77,3,0,0
Kansas,1985,1065,723,291,49,2,0,0
Kansas,1986,1138,800,291,43,3,1,0
Kansas,1987,1144,772,303,62,7,0,0
Kansas,1988,1044,710,264,60,10,0,0
Kansas,1989,1277,982,265,27,2,1,0
Kansas,1990,1370,1141,181,40,8,0,0
Kansas,1991,1437,1092,288,51,6,0,0
Kansas,1992,1434,1210,198,22,4,0,0
Kansas,1993,1347,1167,172,7,1,0,0
Kansas,1994,1324,1107,200,17,0,0,0
Kansas,1995,1397,1097,216,73,10,1,0
Kansas,1996,1933,1563,286,76,7,1,0
Kansas,1997,1987,1605,315,63,4,0,0
Kansas,1998,1542,1112,328,88,13,1,0
Kansas,1999,2026,1307,642,70,7,0,0
Kansas,2000,2485,1670,694,110,11,0,0
Kansas,2001,2601,1856,633,108,4,0,0
Kansas,2002,2834,2114,626,90,4,0,0
Kansas,2003,3478,2490,827,150,10,1,0
Kansas,2004,3792,3223,547,22,0,0,0
Kansas,2005,3779,2834,837,103,4,1,0
Kansas,2006,3657,2749,793,112,3,0,0
Kansas,2007,3600,2892,667,38,3,0,0
Kansas,2008,3907,3266,632,8,1,0,0
Kansas,2009,3963,3416,529,17,1,0,0
Kansas,2010,3968,3231,703,34,0,0,0
Kansas,2011,3942,2933,916,92,1,0,0
Kansas,2012,3849,2838,826,173,12,0,0
Kansas,2013,3609,3008,589,12,0,0,0
Kansas,2014,3428,2853,561,13,1,0,0
Kansas,2015,3420,2947,468,5,0,0,0
Kansas,2016,3463,3132,326,4,1,0,0
Kansas,2017,3622,3184,435,2,1,0,0
Kansas,2018,1818,1467,349,2,0,0,0
Kentucky,1980,6309,3240,1554,1037,443,35,0
Kentucky,1981,8125,4843,1939,1018,318,7,0
Kentucky,1982,8236,4692,2348,954,236,6,0
Kentucky,1983,8279,4221,2321,1281,412,44,0
Kentucky,1984,5956,3354,1617,806,170,9,0
Kentucky,1985,6307,3714,1702,763,122,6,0
Kentucky,1986,6666,4093,1681,717,161,14,0
Kentucky,1987,5823,3012,1785,800,208,18,0
Kentucky,1988,5722,3054,1529,726,317,96,0
Kentucky,1989,5636,3461,1513,563,95,4,0
Kentucky,1990,5636,3542,1417,563,108,6,0
Kentucky,1991,6799,4428,1622,658,89,2,0
Kentucky,1992,8419,6129,1854,397,39,0,0
Kentucky,1993,9116,6134,2320,579,79,4,0
Kentucky,1994,8855,5833,2217,636,164,5,0
Kentucky,1995,8822,5821,2203,663,131,4,0
Kentucky,1996,8758,6337,1889,468,62,2,0
Kentucky,1997,8493,6128,1833,459,68,5,0
Kentucky,1998,8693,5339,2274,893,173,14,0
Kentucky,1999,8962,4661,2885,1130,273,13,0
Kentucky,2000,9350,5588,3129,562,69,2,0
Kentucky,2001,9739,6021,3054,613,50,1,0
Kentucky,2002,9565,6139,2518,702,200,6,0
Kentucky,2003,9390,6198,2791,377,23,1,0
Kentucky,2004,9346,6660,2521,163,2,0,0
Kentucky,2005,9006,5346,3027,606,26,1,0
Kentucky,2006,8470,5647,2583,233,7,0,0
Kentucky,2007,8976,4782,3469,678,46,1,0
Kentucky,2008,8957,5933,2877,143,4,0,0
Kentucky,2009,8955,6951,1955,48,1,0,0
Kentucky,2010,8696,5688,2816,188,4,0,0
Kentucky,2011,8893,6300,2427,153,13,0,0
Kentucky,2012,8862,6224,2258,340,36,4,0
Kentucky,2013,8953,7451,1481,21,0,0,0
Kentucky,2014,8861,7148,1671,41,1,0,0
Kentucky,2015,8699,7123,1527,45,4,0,0
Kentucky,2016,8818,7167,1603,44,4,0,0
Kentucky,2017,8770,7360,1394,16,0,0,0
Kentucky,2018,3726,3209,504,13,0,0,0
Louisiana,1980,2049,1609,279,109,33,19,0
Louisiana,1981,3259,2274,664,244,65,12,0
Louisiana,1982,3431,2690,540,145,40,16,0
Louisiana,1983,5039,3917,847,227,45,3,0
Louisiana,1984,4969,3864,859,193,45,8,0
Louisiana,1985,4460,3208,934,237,73,8,0
Louisiana,1986,4638,3223,1075,282,55,3,0
Louisiana,1987,4314,2738,1075,397,97,7,0
Louisiana,1988,4522,3135,903,373,101,10,0
Louisiana,1989,5959,4661,995,251,45,7,0
Louisiana,1990,6231,4680,1123,339,70,19,0
Louisiana,1991,6372,5280,858,191,40,3,0
Louisiana,1992,7197,5850,1070,241,32,4,0
Louisiana,1993,7352,5832,1177,283,54,6,0
Louisiana,1994,7352,5893,1105,298,51,5,0
Louisiana,1995,7543,5565,1325,533,113,7,0
Louisiana,1996,7565,6040,1198,279,45,3,0
Louisiana,1997,7676,5716,1486,399,71,4,0
Louisiana,1998,7569,5781,1253,420,104,11,0
Louisiana,1999,7656,4859,2113,581,98,5,0
Louisiana,2000,8036,4926,2332,631,135,12,0
Louisiana,2001,8185,5624,2205,328,28,0,0
Louisiana,2002,8194,6252,1735,199,7,1,0
Louisiana,2003,8151,5626,2140,329,50,6,0
Louisiana,2004,8186,5906,1973,282,24,1,0
Louisiana,2005,7857,4743,2653,412,48,1,0
Louisiana,2006,6854,4198,2280,328,48,0,0
Louisiana,2007,6972,4655,1978,290,48,1,0
Louisiana,2008,7090,5020,1848,195,27,0,0
Louisiana,2009,7360,5655,1499,165,41,0,0
Louisiana,2010,7387,4917,2227,218,25,0,0
Louisiana,2011,7446,5007,2152,242,45,0,0
Louisiana,2012,7459,5280,2052,116,11,0,0
Louisiana,2013,7498,5838,1598,56,6,0,0
Louisiana,2014,7373,5723,1592,56,2,0,0
Louisiana,2015,6935,5524,1366,42,3,0,0
Louisiana,2016,7241,6102,1111,28,0,0,0
Louisiana,2017,7582,6470,1087,25,0,0,0
Louisiana,2018,5704,4538,1127,38,1,0,0
Maine,1980,2196,1107,595,315,175,4,0
Maine,1981,2910,1722,683,404,98,3,0
Maine,1982,3914,2423,904,509,73,5,0
Maine,1983,3652,2243,825,482,89,13,0
Maine,1984,3759,2267,947,442,93,10,0
Maine,1985,4006,2528,954,447,63,14,0
Maine,1986,3628,2367,835,380,45,1,0
Maine,1987,3591,2414,748,369,45,15,0
Maine,1988,3421,2370,668,260,80,43,0
Maine,1989,3704,2691,733,236,36,8,0
Maine,1990,3736,2841,663,184,42,6,0
Maine,1991,4089,3160,700,171,39,19,0
Maine,1992,3765,3104,480,137,38,6,0
Maine,1993,4033,3264,571,159,37,2,0
Maine,1994,4127,3326,625,145,29,2,0
Maine,1995,4186,3565,433,140,38,10,0
Maine,1996,3998,3400,469,110,19,0,0
Maine,1997,3352,2857,370,89,27,9,0
Maine,1998,3469,2927,412,90,32,8,0
Maine,1999,3425,3034,286,82,18,5,0
Maine,2000,3415,3150,229,31,5,0,0
Maine,2001,3285,2888,275,81,38,3,0
Maine,2002,3363,2967,269,74,46,7,0
Maine,2003,3087,2764,255,57,9,2,0
Maine,2004,3156,2850,257,47,2,0,0
Maine,2005,2750,2435,254,55,6,0,0
Maine,2006,2754,2452,267,34,1,0,0
Maine,2007,2863,2556,215,77,15,0,0
Maine,2008,3128,2861,244,23,0,0,0
Maine,2009,3150,2957,176,15,2,0,0
Maine,2010,3687,3356,305,19,7,0,0
Maine,2011,3287,2970,301,13,3,0,0
Maine,2012,3292,3045,238,9,0,0,0
Maine,2013,3373,3060,289,24,0,0,0
Maine,2014,3366,3067,292,6,1,0,0
Maine,2015,3581,3139,434,8,0,0,0
Maine,2016,3671,3385,280,5,1,0,0
Maine,2017,3556,3227,314,13,2,0,0
Maine,2018,2776,2540,230,5,1,0,0
Maryland,1980,2547,1401,643,274,137,92,0
Maryland,1981,3157,1769,922,325,105,36,0
Maryland,1982,3292,1892,895,374,113,18,0
Maryland,1983,3382,1942,816,328,205,91,0
Maryland,1984,3949,2488,1024,304,105,28,0
Maryland,1985,3657,2044,1032,417,142,22,0
Maryland,1986,3548,2003,1033,327,162,23,0
Maryland,1987,3405,1982,920,286,154,63,0
Maryland,1988,3341,1932,813,259,187,150,0
Maryland,1989,3224,2042,866,243,67,6,0
Maryland,1990,3550,2341,808,295,93,13,0
Maryland,1991,3248,1907,777,348,175,41,0
Maryland,1992,3609,2611,719,207,70,2,0
Maryland,1993,3621,2311,746,376,151,37,0
Maryland,1994,3604,2424,770,295,99,16,0
Maryland,1995,3572,2476,621,293,142,40,0
Maryland,1996,3664,2584,705,298,72,5,0
Maryland,1997,3562,2461,638,284,138,41,0
Maryland,1998,3324,1988,719,389,205,23,0
Maryland,1999,3556,2071,876,379,193,37,0
Maryland,2000,3599,2085,1202,231,67,14,0
Maryland,2001,3619,1876,1280,302,147,14,0
Maryland,2002,3324,1664,1122,326,175,37,0
Maryland,2003,3254,1913,1119,180,26,16,0
Maryland,2004,3397,1940,1213,220,23,1,0
Maryland,2005,3791,2089,1347,291,59,5,0
Maryland,2006,3809,2222,1268,266,52,1,0
Maryland,2007,3904,2097,1418,338,46,5,0
Maryland,2008,4020,2431,1338,223,28,0,0
Maryland,2009,4243,2935,1252,53,2,1,0
Maryland,2010,4384,2528,1562,249,43,2,0
Maryland,2011,4561,2856,1475,183,44,3,0
Maryland,2012,4698,2941,1513,198,42,4,0
Maryland,2013,4688,3492,1154,42,0,0,0
Maryland,2014,4970,3660,1287,23,0,0,0
Maryland,2015,5047,3518,1470,56,3,0,0
Maryland,2016,5081,3825,1162,86,7,1,0
Maryland,2017,5568,4427,1050,85,6,0,0
Maryland,2018,4117,3211,844,58,4,0,0
Massachusetts,1980,2921,1427,1068,309,89,28,0
Massachusetts,1981,2982,1622,988,300,56,16,0
Massachusetts,1982,3488,1345,1350,698,79,16,0
Massachusetts,1983,3356,1302,1269,578,140,67,0
Massachusetts,1984,3276,1303,1304,531,117,21,0
Massachusetts,1985,3275,1324,1351,490,87,23,0
Massachusetts,1986,2938,1231,1184,478,40,5,0
Massachusetts,1987,3194,1453,1220,462,53,6,0
Massachusetts,1988,3330,1443,1200,490,109,88,0
Massachusetts,1989,3480,1769,1296,345,57,13,0
Massachusetts,1990,3482,2043,1068,301,61,9,0
Massachusetts,1991,3505,1991,1126,279,81,28,0
Massachusetts,1992,3499,2119,1056,253,63,8,0
Massachusetts,1993,3481,2132,1067,225,47,10,0
Massachusetts,1994,3496,2177,1043,212,60,4,0
Massachusetts,1995,3494,2610,654,171,43,16,0
Massachusetts,1996,3183,2250,767,134,29,3,0
Massachusetts,1997,3120,2188,718,144,59,11,0
Massachusetts,1998,3129,2145,786,154,37,7,0
Massachusetts,1999,3255,2116,906,167,59,7,0
Massachusetts,2000,3169,2049,1016,90,13,1,0
Massachusetts,2001,3270,2000,1019,149,89,13,0
Massachusetts,2002,3409,2203,915,186,84,21,0
Massachusetts,2003,3329,2219,950,128,29,3,0
Massachusetts,2004,3662,2482,1072,93,14,1,0
Massachusetts,2005,3678,2399,1062,167,49,1,0
Massachusetts,2006,3861,2683,1025,130,17,6,0
Massachusetts,2007,3835,2510,1103,174,45,3,0
Massachusetts,2008,3894,2685,1104,90,14,1,0
Massachusetts,2009,3832,2903,869,59,1,0,0
Massachusetts,2010,3923,2949,892,75,7,0,0
Massachusetts,2011,3957,2930,969,50,7,1,0
Massachusetts,2012,3903,3017,805,73,8,0,0
Massachusetts,2013,4098,3267,783,47,1,0,0
Massachusetts,2014,4698,3858,836,4,0,0,0
Massachusetts,2015,4578,3824,728,25,1,0,0
Massachusetts,2016,4719,4160,528,29,2,0,0
Massachusetts,2017,4703,4082,581,37,3,0,0
Massachusetts,2018,3530,2949,546,35,0,0,0
Michigan,1980,8350,5687,1649,835,162,17,0
Michigan,1981,7518,5053,1489,817,149,10,0
Michigan,1982,6711,4694,1312,597,101,7,0
Michigan,1983,6258,4479,1183,454,117,25,0
Michigan,1984,5453,3939,1060,380,73,1,0
Michigan,1985,5499,4220,879,333,63,4,0
Michigan,1986,5503,4155,938,329,78,3,0
Michigan,1987,6062,4523,963,420,139,17,0
Michigan,1988,5580,4190,801,345,188,56,0
Michigan,1989,5454,4060,882,402,98,12,0
Michigan,1990,5271,4042,798,348,75,8,0
Michigan,1991,6418,4532,1021,598,225,42,0
Michigan,1992,6317,5220,794,258,41,3,1
Michigan,1993,6667,5403,937,276,47,4,0
Michigan,1994,5996,4473,1038,393,84,8,0
Michigan,1995,5747,4343,890,386,105,23,0
Michigan,1996,5842,4444,917,369,97,15,0
Michigan,1997,5101,3858,870,298,73,2,0
Michigan,1998,5127,3364,1145,490,123,5,0
Michigan,1999,5876,3701,1446,533,186,10,0
Michigan,2000,6460,4508,1655,265,27,5,0
Michigan,2001,6667,4275,1802,463,125,2,0
Michigan,2002,6865,4413,1817,439,185,11,0
Michigan,2003,6795,4550,1792,348,93,12,0
Michigan,2004,6554,4701,1649,200,3,1,0
Michigan,2005,6471,3969,1905,511,82,4,0
Michigan,2006,6280,4447,1574,229,30,0,0
Michigan,2007,6276,4054,1779,377,63,3,0
Michigan,2008,6068,4186,1776,102,4,0,0
Michigan,2009,5797,4417,1304,72,4,0,0
Michigan,2010,5906,4385,1408,110,3,0,0
Michigan,2011,6514,5048,1283,161,22,0,0
Michigan,2012,7179,5088,1569,459,57,6,0
Michigan,2013,7418,5915,1439,63,1,0,0
Michigan,2014,7904,6186,1641,76,1,0,0
Michigan,2015,8112,6520,1521,68,3,0,0
Michigan,2016,8129,6696,1261,170,2,0,0
Michigan,2017,8684,7355,1278,50,1,0,0
Michigan,2018,4539,3754,701,81,3,0,0
Minnesota,1980,4094,2555,1141,307,89,2,0
Minnesota,1981,3387,2320,852,161,52,2,0
Minnesota,1982,3393,2328,829,178,58,0,0
Minnesota,1983,2742,1787,724,186,44,1,0
Minnesota,1984,3415,2395,785,200,35,0,0
Minnesota,1985,3652,2720,710,195,22,4,1
Minnesota,1986,3886,2994,686,183,23,0,0
Minnesota,1987,3737,2775,747,183,31,1,0
Minnesota,1988,3652,2640,737,232,41,2,0
Minnesota,1989,4515,3485,819,202,9,0,0
Minnesota,1990,4438,3741,539,142,16,0,0
Minnesota,1991,3712,3097,463,135,17,0,0
Minnesota,1992,3990,3515,333,132,10,0,0
Minnesota,1993,3492,3140,311,38,3,0,0
Minnesota,1994,4368,3944,392,32,0,0,0
Minnesota,1995,4289,3891,334,57,7,0,0
Minnesota,1996,4465,4085,352,28,0,0,0
Minnesota,1997,4342,4071,249,22,0,0,0
Minnesota,1998,3865,3522,316,23,4,0,0
Minnesota,1999,3937,3505,392,39,1,0,0
Minnesota,2000,4016,3309,659,47,1,0,0
Minnesota,2001,4223,3448,727,44,4,0,0
Minnesota,2002,3899,3179,685,33,2,0,0
Minnesota,2003,4706,3350,1277,76,3,0,0
Minnesota,2004,5004,3908,1052,42,2,0,0
Minnesota,2005,5584,4034,1453,81,16,0,0
Minnesota,2006,6097,4752,1315,30,0,0,0
Minnesota,2007,6221,4714,1421,80,6,0,0
Minnesota,2008,6184,4814,1339,29,2,0,0
Minnesota,2009,6063,4822,1212,28,1,0,0
Minnesota,2010,6153,4952,1161,40,0,0,0
Minnesota,2011,6104,4998,1082,23,1,0,0
Minnesota,2012,6243,5123,1099,20,1,0,0
Minnesota,2013,6116,5121,989,6,0,0,0
Minnesota,2014,6574,5648,920,6,0,0,0
Minnesota,2015,6655,5908,725,21,1,0,0
Minnesota,2016,6710,6124,573,12,1,0,0
Minnesota,2017,6773,5971,801,1,0,0,0
Minnesota,2018,3524,2889,626,9,0,0,0
Mississippi,1980,1719,1373,224,106,14,2,0
Mississippi,1981,1690,1404,218,61,7,0,0
Mississippi,1982,1768,1540,172,46,7,3,0
Mississippi,1983,1249,1046,159,34,9,1,0
Mississippi,1984,1306,1037,193,69,7,0,0
Mississippi,1985,1215,974,175,58,8,0,0
Mississippi,1986,1258,922,228,97,9,2,0
Mississippi,1987,2934,2087,650,174,23,0,0
Mississippi,1988,3147,2205,631,258,52,1,0
Mississippi,1989,3027,2435,502,80,9,1,0
Mississippi,1990,3227,2297,692,211,27,0,0
Mississippi,1991,3373,2847,449,70,7,0,0
Mississippi,1992,3300,2766,446,80,8,0,0
Mississippi,1993,3804,3102,604,94,4,0,0
Mississippi,1994,3705,2963,600,124,18,0,0
Mississippi,1995,3673,2671,755,231,16,0,0
Mississippi,1996,3455,2662,642,137,13,1,0
Mississippi,1997,3390,2357,841,173,18,1,0
Mississippi,1998,3137,2143,679,261,53,1,0
Mississippi,1999,3717,1926,1389,358,43,1,0
Mississippi,2000,4126,2063,1647,378,37,1,0
Mississippi,2001,4431,2701,1540,183,7,0,0
Mississippi,2002,4218,2864,1238,103,13,0,0
Mississippi,2003,4074,2434,1506,119,15,0,0
Mississippi,2004,4398,2783,1517,93,5,0,0
Mississippi,2005,3696,1866,1644,178,8,0,0
Mississippi,2006,3113,1587,1382,134,10,0,0
Mississippi,2007,3366,1879,1381,100,5,1,0
Mississippi,2008,3296,1998,1260,35,3,0,0
Mississippi,2009,3394,2470,907,17,0,0,0
Mississippi,2010,3471,2176,1256,39,0,0,0
Mississippi,2011,3800,2543,1224,33,0,0,0
Mississippi,2012,3435,2546,848,39,2,0,0
Mississippi,2013,3122,2660,456,6,0,0,0
Mississippi,2014,3076,2514,545,16,1,0,0
Mississippi,2015,3254,2742,510,2,0,0,0
Mississippi,2016,3189,2793,395,1,0,0,0
Mississippi,2017,3238,2844,392,2,0,0,0
Mississippi,2018,1738,1361,365,11,1,0,0
Missouri,1980,2992,1192,920,649,202,29,0
Missouri,1981,3039,1675,807,430,118,9,0
Missouri,1982,2917,1654,814,380,61,8,0
Missouri,1983,3488,2033,880,450,99,26,0
Missouri,1984,3192,1833,839,413,88,19,0
Missouri,1985,3606,2086,1025,400,88,7,0
Missouri,1986,3602,2203,862,442,86,9,0
Missouri,1987,3949,2476,934,404,123,12,0
Missouri,1988,4758,2838,1069,603,222,26,0
Missouri,1989,4606,2861,1118,493,131,3,0
Missouri,1990,4155,2776,926,372,79,2,0
Missouri,1991,4190,2718,997,380,92,3,0
Missouri,1992,4143,2835,947,295,65,1,0
Missouri,1993,4182,3020,836,254,70,2,0
Missouri,1994,4364,2798,1003,422,132,9,0
Missouri,1995,4845,3176,1038,424,195,12,0
Missouri,1996,4854,2998,1107,514,196,6,11
Missouri,1997,4610,3036,1057,384,115,3,10
Missouri,1998,4361,2673,1144,420,120,4,0
Missouri,1999,4808,2558,1671,424,148,7,0
Missouri,2000,5608,3172,1951,369,115,1,0
Missouri,2001,5791,3451,1907,338,92,1,0
Missouri,2002,5727,3245,1932,409,134,7,0
Missouri,2003,5831,3376,2043,333,73,6,0
Missouri,2004,5565,3761,1636,153,15,0,0
Missouri,2005,5934,3391,1990,469,83,1,0
Missouri,2006,5746,3290,2050,336,69,1,0
Missouri,2007,5769,3196,2189,309,74,1,0
Missouri,2008,5576,3433,1926,186,31,0,0
Missouri,2009,6087,4276,1633,158,20,0,0
Missouri,2010,6190,3933,2019,227,11,0,0
Missouri,2011,6265,3972,2009,263,21,0,0
Missouri,2012,6405,3829,2080,437,59,0,0
Missouri,2013,6484,4700,1676,104,4,0,0
Missouri,2014,6459,4796,1570,93,0,0,0
Missouri,2015,6733,5425,1245,61,2,0,0
Missouri,2016,6866,5904,925,35,2,0,0
Missouri,2017,7578,6367,1190,20,1,0,0
Missouri,2018,3605,2839,738,27,1,0,0
Montana,1980,2325,1503,470,207,140,5,0
Montana,1981,1985,1479,328,116,59,3,0
Montana,1982,1544,1089,161,211,83,0,0
Montana,1983,1557,1097,139,192,129,0,0
Montana,1984,1659,1292,156,146,65,0,0
Montana,1985,1733,1241,216,175,100,0,1
Montana,1986,2658,1557,574,365,162,0,0
Montana,1987,3034,1746,788,366,133,1,0
Montana,1988,4077,2620,897,349,209,1,1
Montana,1989,4453,3229,714,383,123,0,1
Montana,1990,4690,3378,755,439,118,0,0
Montana,1991,4942,3703,790,367,81,0,1
Montana,1992,4446,3534,554,270,88,0,0
Montana,1993,4416,3369,610,328,109,0,0
Montana,1994,4926,3704,682,440,100,0,0
Montana,1995,5203,4119,635,377,72,0,0
Montana,1996,5116,4209,632,243,32,0,0
Montana,1997,4928,4149,570,196,13,0,0
Montana,1998,4334,3589,565,168,12,0,0
Montana,1999,4462,3731,600,116,15,0,0
Montana,2000,4851,3867,765,182,35,2,0
Montana,2001,4770,4023,619,123,5,0,0
Montana,2002,5344,4709,564,67,4,0,0
Montana,2003,5151,4497,567,69,17,1,0
Montana,2004,4583,4016,524,37,5,1,0
Montana,2005,4664,3978,630,50,6,0,0
Montana,2006,4704,3913,740,45,6,0,0
Montana,2007,4652,3801,770,54,26,1,0
Montana,2008,4719,4017,673,29,0,0,0
Montana,2009,4798,3968,793,35,2,0,0
Montana,2010,5440,4427,908,95,10,0,0
Montana,2011,5141,4158,902,72,9,0,0
Montana,2012,5297,4034,1133,80,46,4,0
Montana,2013,5687,4804,832,44,7,0,0
Montana,2014,5833,4923,860,47,3,0,0
Montana,2015,5888,4840,877,86,82,3,0
Montana,2016,5891,5143,690,52,5,0,1
Montana,2017,5830,4404,1179,131,72,25,16
Montana,2018,2921,2551,356,12,2,0,0
Nebraska,1980,1033,713,218,63,22,17,0
Nebraska,1981,850,698,133,11,3,5,0
Nebraska,1982,730,566,142,16,4,2,0
Nebraska,1983,730,633,89,8,0,0,0
Nebraska,1984,732,631,88,12,1,0,0
Nebraska,1985,1113,893,198,20,2,0,0
Nebraska,1986,1198,973,217,8,0,0,0
Nebraska,1987,1159,934,214,11,0,0,0
Nebraska,1988,1078,771,264,38,5,0,0
Nebraska,1989,1118,887,221,10,0,0,0
Nebraska,1990,1137,950,177,9,1,0,0
Nebraska,1991,1136,958,174,4,0,0,0
Nebraska,1992,1203,1063,137,3,0,0,0
Nebraska,1993,1174,1095,78,1,0,0,0
Nebraska,1994,1326,1191,125,10,0,0,0
Nebraska,1995,1423,1263,140,20,0,0,0
Nebraska,1996,1286,1149,117,18,2,0,0
Nebraska,1997,1158,1006,132,19,1,0,0
Nebraska,1998,872,766,97,7,2,0,0
Nebraska,1999,1355,1061,280,11,3,0,0
Nebraska,2000,1733,1313,409,11,0,0,0
Nebraska,2001,1932,1545,382,5,0,0,0
Nebraska,2002,2091,1707,382,2,0,0,0
Nebraska,2003,1893,1518,367,7,1,0,0
Nebraska,2004,2003,1688,305,10,0,0,0
Nebraska,2005,2057,1575,456,26,0,0,0
Nebraska,2006,1942,1564,367,11,0,0,0
Nebraska,2007,1968,1529,419,20,0,0,0
Nebraska,2008,1889,1373,501,15,0,0,0
Nebraska,2009,1888,1648,232,6,1,1,0
Nebraska,2010,1962,1594,352,14,2,0,0
Nebraska,2011,2406,1923,477,6,0,0,0
Nebraska,2012,2436,1807,596,32,1,0,0
Nebraska,2013,2259,1898,354,7,0,0,0
Nebraska,2014,2215,1925,286,4,0,0,0
Nebraska,2015,2299,2003,291,5,0,0,0
Nebraska,2016,2134,1913,214,7,0,0,0
Nebraska,2017,2214,1892,317,5,0,0,0
Nebraska,2018,1604,1358,242,4,0,0,0
Nevada,1980,731,237,299,158,30,7,0
Nevada,1981,1219,597,402,196,17,7,0
Nevada,1982,875,410,337,93,23,11,1
Nevada,1983,1314,940,292,54,25,3,0
Nevada,1984,1254,532,530,172,15,5,0
Nevada,1985,1501,724,552,187,35,3,0
Nevada,1986,1553,807,520,196,27,3,0
Nevada,1987,1550,998,473,75,4,0,0
Nevada,1988,1630,945,521,152,9,3,0
Nevada,1989,1445,905,445,90,4,1,0
Nevada,1990,1106,546,450,94,12,4,0
Nevada,1991,1263,642,550,69,2,0,0
Nevada,1992,1366,869,443,52,2,0,0
Nevada,1993,1551,1081,423,41,5,1,0
Nevada,1994,1787,1161,556,67,3,0,0
Nevada,1995,1766,1250,475,37,4,0,0
Nevada,1996,1791,1139,551,97,3,1,0
Nevada,1997,2096,1507,537,51,1,0,0
Nevada,1998,2135,1515,530,79,10,1,0
Nevada,1999,2284,1448,737,90,7,1,1
Nevada,2000,2400,1646,676,75,2,0,1
Nevada,2001,2453,1720,624,104,5,0,0
Nevada,2002,2453,1749,600,94,8,1,1
Nevada,2003,2359,1673,600,73,12,1,0
Nevada,2004,2638,2026,548,61,3,0,0
Nevada,2005,2687,2075,527,75,10,0,0
Nevada,2006,2402,1679,633,82,7,0,1
Nevada,2007,2854,2141,634,71,8,0,0
Nevada,2008,2919,2267,587,62,3,0,0
Nevada,2009,2651,2104,510,36,1,0,0
Nevada,2010,2909,2349,520,40,0,0,0
Nevada,2011,2997,2352,581,62,2,0,0
Nevada,2012,2580,1736,745,85,6,0,1
Nevada,2013,2895,2022,758,68,26,7,0
Nevada,2014,2951,2120,786,34,6,0,0
Nevada,2015,3027,2258,717,48,4,0,0
Nevada,2016,3209,2517,653,37,0,1,1
Nevada,2017,3224,2482,692,45,5,0,0
Nevada,2018,1842,1333,434,74,1,0,0
New Hampshire,1980,1451,640,450,243,113,5,0
New Hampshire,1981,1686,823,538,263,58,4,0
New Hampshire,1982,1519,695,517,248,55,4,0
New Hampshire,1983,1578,844,512,198,22,2,0
New Hampshire,1984,1443,666,457,282,36,2,0
New Hampshire,1985,1458,598,574,247,39,0,0
New Hampshire,1986,1460,656,553,221,30,0,0
New Hampshire,1987,1456,797,408,217,32,2,0
New Hampshire,1988,1461,724,461,213,48,15,0
New Hampshire,1989,1576,834,518,194,27,3,0
New Hampshire,1990,2236,1404,532,264,36,0,0
New Hampshire,1991,2224,1543,439,196,40,6,0
New Hampshire,1992,2247,1624,402,198,22,1,0
New Hampshire,1993,2245,1655,406,159,25,0,0
New Hampshire,1994,2205,1604,441,131,28,1,0
New Hampshire,1995,2217,1735,348,117,17,0,0
New Hampshire,1996,2855,2290,426,121,18,0,0
New Hampshire,1997,2929,2428,385,93,18,5,0
New Hampshire,1998,3014,2358,501,140,15,0,0
New Hampshire,1999,2918,2215,531,152,19,1,0
New Hampshire,2000,2846,2365,401,75,5,0,0
New Hampshire,2001,2930,2231,535,142,20,2,0
New Hampshire,2002,2798,2118,513,125,35,7,0
New Hampshire,2003,2507,1869,521,116,1,0,0
New Hampshire,2004,2227,1714,414,90,9,0,0
New Hampshire,2005,2189,1602,474,108,5,0,0
New Hampshire,2006,2187,1675,427,84,1,0,0
New Hampshire,2007,2184,1618,444,110,12,0,0
New Hampshire,2008,2274,1790,415,64,5,0,0
New Hampshire,2009,2323,1844,388,85,6,0,0
New Hampshire,2010,2398,1836,442,111,9,0,0
New Hampshire,2011,2392,1817,504,62,9,0,0
New Hampshire,2012,2405,1982,404,19,0,0,0
New Hampshire,2013,2402,1994,399,9,0,0,0
New Hampshire,2014,2403,2042,353,8,0,0,0
New Hampshire,2015,2392,2056,323,12,1,0,0
New Hampshire,2016,2452,2213,229,10,0,0,0
New Hampshire,2017,2488,2272,210,5,1,0,0
New Hampshire,2018,1300,1162,134,4,0,0,0
New Jersey,1980,5797,2742,1997,612,302,144,0
New Jersey,1981,5845,2977,1984,653,176,55,0
New Jersey,1982,5860,2958,2061,581,202,58,0
New Jersey,1983,5766,2768,1975,585,266,172,0
New Jersey,1984,5786,2968,2021,555,185,57,0
New Jersey,1985,5777,2966,1931,548,252,80,0
New Jersey,1986,5452,3152,1661,398,190,51,0
New Jersey,1987,5273,3078,1472,387,210,126,0
New Jersey,1988,5441,3220,1433,372,219,197,0
New Jersey,1989,5445,3302,1558,375,171,39,0
New Jersey,1990,5369,3473,1354,329,158,55,0
New Jersey,1991,5464,3362,1360,396,250,96,0
New Jersey,1992,5493,3862,1259,267,88,17,0
New Jersey,1993,5514,3689,1212,387,197,29,0
New Jersey,1994,5535,3651,1361,417,101,5,0
New Jersey,1995,5585,3973,1137,289,141,45,0
New Jersey,1996,5555,3910,1243,299,99,4,0
New Jersey,1997,5563,4016,1073,293,146,35,0
New Jersey,1998,5734,4006,1156,362,204,6,0
New Jersey,1999,5638,3783,1343,286,188,38,0
New Jersey,2000,5740,3972,1445,241,64,18,0
New Jersey,2001,5697,3780,1438,328,120,31,0
New Jersey,2002,5768,3787,1336,370,231,44,0
New Jersey,2003,5697,3949,1421,261,46,20,0
New Jersey,2004,5718,4198,1303,187,30,0,0
New Jersey,2005,5739,3995,1363,292,87,2,0
New Jersey,2006,5656,3727,1617,251,58,3,0
New Jersey,2007,5774,3705,1732,273,62,2,0
New Jersey,2008,5860,3889,1738,206,27,0,0
New Jersey,2009,5843,4379,1404,60,0,0,0
New Jersey,2010,5572,3835,1481,220,35,1,0
New Jersey,2011,5599,3975,1420,174,30,0,0
New Jersey,2012,5396,3901,1286,187,22,0,0
New Jersey,2013,5421,4202,1167,49,3,0,0
New Jersey,2014,5445,4345,1047,51,2,0,0
New Jersey,2015,5470,4119,1242,105,4,0,0
New Jersey,2016,5513,4189,1237,81,6,0,0
New Jersey,2017,5589,4455,1078,56,0,0,0
New Jersey,2018,2802,2138,625,38,1,0,0
New Mexico,1980,2165,1319,501,256,80,9,0
New Mexico,1981,2417,1315,619,315,143,25,0
New Mexico,1982,2489,1448,584,325,121,11,0
New Mexico,1983,2481,1410,520,368,176,7,0
New Mexico,1984,2703,1654,551,375,120,3,0
New Mexico,1985,2798,1854,564,269,109,2,0
New Mexico,1986,2564,1666,539,263,96,0,0
New Mexico,1987,2929,1773,720,345,88,3,0
New Mexico,1988,3114,1989,827,256,42,0,0
New Mexico,1989,3407,2062,913,328,104,0,0
New Mexico,1990,3998,2754,837,301,106,0,0
New Mexico,1991,3962,2656,940,282,84,0,0
New Mexico,1992,3997,2866,730,319,82,0,0
New Mexico,1993,4102,3057,726,259,60,0,0
New Mexico,1994,4262,3168,824,248,20,1,1
New Mexico,1995,4082,2997,811,250,24,0,0
New Mexico,1996,4035,2920,845,233,30,2,3
New Mexico,1997,4058,3040,706,263,42,1,4
New Mexico,1998,4074,2841,909,255,62,3,2
New Mexico,1999,3973,2758,1004,187,24,0,0
New Mexico,2000,4167,2984,981,192,10,0,0
New Mexico,2001,4186,3113,963,103,6,1,0
New Mexico,2002,4068,3059,881,120,6,0,2
New Mexico,2003,3897,2863,873,145,10,3,2
New Mexico,2004,3865,2972,821,64,5,2,0
New Mexico,2005,4022,2983,947,88,3,0,0
New Mexico,2006,4259,3077,1048,117,10,5,2
New Mexico,2007,4882,3695,1085,97,5,0,0
New Mexico,2008,4970,3748,1136,61,13,6,3
New Mexico,2009,5001,4134,844,21,2,0,0
New Mexico,2010,4940,3900,993,33,6,2,5
New Mexico,2011,4929,3547,1275,92,6,2,5
New Mexico,2012,4903,3615,1190,83,3,3,3
New Mexico,2013,4960,3698,1173,66,13,2,7
New Mexico,2014,4868,3900,936,23,5,3,1
New Mexico,2015,4644,3764,861,17,2,0,0
New Mexico,2016,4556,3651,882,18,4,0,0
New Mexico,2017,4564,3355,1138,64,4,0,2
New Mexico,2018,2712,1837,816,53,6,0,0
New York,1980,8079,3636,2544,1482,329,88,0
New York,1981,7958,4016,2500,1201,212,29,0
New York,1982,8094,4173,2685,1062,155,19,0
New York,1983,7993,4123,2503,1064,238,65,0
New York,1984,7933,4314,2439,1002,158,20,0
New York,1985,8105,4677,2312,895,193,28,0
New York,1986,8343,4898,2461,829,133,22,0
New York,1987,8233,4924,2314,773,172,50,0
New York,1988,7858,4592,2104,741,282,139,0
New York,1989,8028,5046,2140,698,127,17,0
New York,1990,8309,5453,2104,609,119,24,0
New York,1991,9294,6093,2155,775,228,43,0
New York,1992,9710,7315,1777,525,88,5,0
New York,1993,9919,7307,1962,544,101,5,0
New York,1994,10104,7238,2161,612,85,8,0
New York,1995,10616,8181,1777,510,127,21,0
New York,1996,10609,8257,1874,399,78,1,0
New York,1997,10220,8125,1473,472,133,17,0
New York,1998,10251,7748,1844,522,130,7,0
New York,1999,10376,7582,2058,542,174,20,0
New York,2000,10852,8139,2246,388,72,7,0
New York,2001,11030,7851,2462,542,162,13,0
New York,2002,10958,7914,2223,534,257,30,0
New York,2003,10884,8300,2133,329,108,14,0
New York,2004,11028,8895,1845,268,19,1,0
New York,2005,10951,8304,2183,387,75,2,0
New York,2006,10924,8916,1781,203,21,3,0
New York,2007,11254,8266,2539,406,43,0,0
New York,2008,11386,8543,2633,181,28,1,0
New York,2009,11695,9653,1953,86,3,0,0
New York,2010,11859,9436,2201,206,15,1,0
New York,2011,11809,9614,2063,112,19,1,0
New York,2012,11585,9499,1881,192,13,0,0
New York,2013,10340,8833,1463,41,3,0,0
New York,2014,10356,9059,1270,25,2,0,0
New York,2015,10260,8627,1555,78,0,0,0
New York,2016,10260,9000,1169,89,2,0,0
New York,2017,10925,9842,1015,65,3,0,0
New York,2018,8284,7096,1084,98,5,1,0
North Carolina,1980,3000,1712,719,391,158,20,0
North Carolina,1981,3861,2329,1029,318,185,0,0
North Carolina,1982,5273,3858,1074,282,56,3,0
North Carolina,1983,7408,5221,1439,550,182,16,0
North Carolina,1984,7044,4969,1530,460,81,4,0
North Carolina,1985,5897,3894,1526,429,46,2,0
North Carolina,1986,4303,2670,1149,362,114,8,0
North Carolina,1987,5382,3569,1236,428,134,15,0
North Carolina,1988,5047,3049,1288,442,188,80,0
North Carolina,1989,5207,3671,1197,300,38,1,0
North Carolina,1990,5104,3519,1145,362,74,4,0
North Carolina,1991,5297,3991,1062,214,29,1,0
North Carolina,1992,7595,5979,1328,254,32,2,0
North Carolina,1993,7927,5554,1535,671,162,5,0
North Carolina,1994,8703,6532,1667,415,85,4,0
North Carolina,1995,9402,6799,1863,625,112,3,0
North Carolina,1996,8751,6175,1859,607,106,4,0
North Carolina,1997,9745,6325,2329,884,200,7,0
North Carolina,1998,9345,5726,2175,1047,372,25,0
North Carolina,1999,10760,5690,3712,1010,322,26,0
North Carolina,2000,11013,5568,4325,942,173,5,0
North Carolina,2001,11309,5910,4305,974,117,3,0
North Carolina,2002,10753,5510,3860,957,391,35,0
North Carolina,2003,11140,6516,4028,512,77,7,0
North Carolina,2004,11077,6857,3886,328,5,1,0
North Carolina,2005,10253,5565,3986,649,52,1,0
North Carolina,2006,11704,6114,5127,424,39,0,0
North Carolina,2007,11692,5679,5234,713,64,2,0
North Carolina,2008,11791,6820,4603,340,28,0,0
North Carolina,2009,11991,8959,2977,54,1,0,0
North Carolina,2010,12015,7630,4128,246,11,0,0
North Carolina,2011,13155,8907,4018,215,15,0,0
North Carolina,2012,13181,10265,2759,135,20,2,0
North Carolina,2013,13472,11333,2124,14,1,0,0
North Carolina,2014,13740,10997,2729,14,0,0,0
North Carolina,2015,12622,10248,2353,21,0,0,0
North Carolina,2016,11185,9211,1896,61,17,0,0
North Carolina,2017,12308,10531,1722,50,5,0,0
North Carolina,2018,8978,7423,1509,39,7,0,0
North Dakota,1980,1692,1528,132,27,5,0,0
North Dakota,1981,1928,1719,167,41,1,0,0
North Dakota,1982,2109,1777,230,81,21,0,0
North Dakota,1983,2206,1918,234,50,4,0,0
North Dakota,1984,2557,2090,334,118,15,0,0
North Dakota,1985,2562,2165,268,114,15,0,0
North Dakota,1986,3269,2825,269,153,22,0,0
North Dakota,1987,2684,2336,261,76,11,0,0
North Dakota,1988,2674,2114,410,125,25,0,0
North Dakota,1989,2719,2307,296,89,27,0,0
North Dakota,1990,2928,2579,204,109,35,1,0
North Dakota,1991,2925,2625,208,72,20,0,0
North Dakota,1992,3019,2775,198,44,2,0,0
North Dakota,1993,3202,3021,145,34,2,0,0
North Dakota,1994,2921,2727,156,37,1,0,0
North Dakota,1995,2888,2705,146,37,0,0,0
North Dakota,1996,3388,3038,267,79,4,0,0
North Dakota,1997,3699,3346,261,90,2,0,0
North Dakota,1998,3508,3179,270,53,6,0,0
North Dakota,1999,4146,3724,367,52,3,0,0
North Dakota,2000,4314,3945,305,61,3,0,0
North Dakota,2001,3828,3453,338,37,0,0,0
North Dakota,2002,3761,3401,325,35,0,0,0
North Dakota,2003,3550,3146,357,47,0,0,0
North Dakota,2004,3589,3300,250,38,1,0,0
North Dakota,2005,3437,3176,236,22,3,0,0
North Dakota,2006,3629,3281,342,6,0,0,0
North Dakota,2007,3642,3456,179,5,2,0,0
North Dakota,2008,3471,3231,233,5,2,0,0
North Dakota,2009,3287,3115,167,5,0,0,0
North Dakota,2010,3100,2704,385,11,0,0,0
North Dakota,2011,3182,2904,268,9,0,1,0
North Dakota,2012,3292,2880,399,9,4,0,0
North Dakota,2013,3271,2887,365,11,8,0,0
North Dakota,2014,3281,3032,230,16,2,1,0
North Dakota,2015,3649,3199,385,50,15,0,0
North Dakota,2016,3630,3496,130,4,0,0,0
North Dakota,2017,3945,3552,373,14,6,0,0
North Dakota,2018,2680,2212,451,15,2,0,0
Ohio,1980,8572,4343,2441,1390,359,39,0
Ohio,1981,10021,5334,2776,1505,374,32,0
Ohio,1982,10265,4961,3181,1667,417,39,0
Ohio,1983,10461,5482,2931,1544,434,70,0
Ohio,1984,10366,5469,2951,1627,311,8,0
Ohio,1985,10193,5559,2950,1437,243,4,0
Ohio,1986,9692,5304,2750,1423,201,14,0
Ohio,1987,9908,5171,3023,1391,297,25,1
Ohio,1988,10048,5313,2653,1362,544,176,0
Ohio,1989,10698,5766,3316,1345,260,11,0
Ohio,1990,11632,6855,2980,1500,277,19,1
Ohio,1991,12134,6446,3298,1782,573,35,0
Ohio,1992,12574,8144,2952,1247,228,3,0
Ohio,1993,12646,7578,3299,1468,295,6,0
Ohio,1994,12362,7471,3128,1459,295,9,0
Ohio,1995,12079,7964,2780,1045,272,18,0
Ohio,1996,11988,8074,2584,1065,250,15,0
Ohio,1997,12998,8963,2807,1022,201,5,0
Ohio,1998,12922,8203,3070,1271,360,18,0
Ohio,1999,13117,7084,4261,1412,338,22,0
Ohio,2000,12863,7559,4383,803,110,8,0
Ohio,2001,13119,7344,4390,1165,215,5,0
Ohio,2002,13252,7436,4130,1128,525,33,0
Ohio,2003,13230,7831,4410,819,136,34,0
Ohio,2004,13170,8611,3789,727,43,0,0
Ohio,2005,12714,7627,3763,1163,154,7,0
Ohio,2006,12571,8563,3373,594,41,0,0
Ohio,2007,12556,8005,3572,880,99,0,0
Ohio,2008,12548,8569,3458,492,29,0,0
Ohio,2009,12559,9407,2905,234,13,0,0
Ohio,2010,13155,7866,4786,483,20,0,0
Ohio,2011,13477,8966,4004,477,30,0,0
Ohio,2012,13359,8630,4118,538,70,3,0
Ohio,2013,12933,9675,3152,103,3,0,0
Ohio,2014,12954,9721,3113,116,4,0,0
Ohio,2015,13013,10012,2883,116,2,0,0
Ohio,2016,12980,10356,2475,144,5,0,0
Ohio,2017,13449,11145,2244,59,1,0,0
Ohio,2018,9632,7527,2000,103,2,0,0
Oklahoma,1980,1585,1055,351,133,37,9,0
Oklahoma,1981,1316,831,358,103,24,0,0
Oklahoma,1982,1468,1051,284,119,13,1,0
Oklahoma,1983,2565,1936,398,175,55,1,0
Oklahoma,1984,2530,1724,468,273,60,5,0
Oklahoma,1985,2280,1571,420,220,68,1,0
Oklahoma,1986,2553,1777,469,230,77,0,0
Oklahoma,1987,2741,2022,411,217,88,3,0
Oklahoma,1988,2679,1798,503,282,94,2,0
Oklahoma,1989,2961,2120,592,183,66,0,0
Oklahoma,1990,2991,2246,464,247,33,1,0
Oklahoma,1991,2979,2254,480,220,24,1,0
Oklahoma,1992,2846,2258,432,153,3,0,0
Oklahoma,1993,2998,2595,334,63,6,0,0
Oklahoma,1994,2975,2365,471,126,12,1,0
Oklahoma,1995,3061,2409,465,154,31,2,0
Oklahoma,1996,3089,2538,455,86,9,1,0
Oklahoma,1997,3467,2728,607,115,17,0,0
Oklahoma,1998,3752,2512,877,320,39,4,0
Oklahoma,1999,4885,3666,882,287,50,0,0
Oklahoma,2000,5754,4003,1427,271,50,3,0
Oklahoma,2001,5426,3656,1462,288,19,1,0
Oklahoma,2002,6080,4373,1462,231,14,0,0
Oklahoma,2003,6740,4602,1892,229,17,0,0
Oklahoma,2004,7090,5401,1541,144,4,0,0
Oklahoma,2005,6777,4665,1820,274,18,0,0
Oklahoma,2006,7058,4853,1754,409,39,3,0
Oklahoma,2007,6937,5360,1464,107,6,0,0
Oklahoma,2008,7341,5714,1568,56,3,0,0
Oklahoma,2009,7379,5323,1988,64,4,0,0
Oklahoma,2010,7743,5651,2044,47,1,0,0
Oklahoma,2011,7620,4622,2531,445,22,0,0
Oklahoma,2012,7316,4789,2185,318,23,1,0
Oklahoma,2013,7054,5259,1715,80,0,0,0
Oklahoma,2014,7402,5781,1592,28,1,0,0
Oklahoma,2015,7033,5923,1102,7,1,0,0
Oklahoma,2016,8026,6980,1032,13,1,0,0
Oklahoma,2017,8702,7238,1436,27,1,0,0
Oklahoma,2018,6744,5260,1407,75,2,0,0
Oregon,1980,2125,1321,651,131,18,4,0
Oregon,1981,2640,1568,889,159,18,6,0
Oregon,1982,2680,1765,814,89,12,0,0
Oregon,1983,2696,1885,744,59,7,1,0
Oregon,1984,2411,1607,754,43,7,0,0
Oregon,1985,2523,1658,763,79,18,5,0
Oregon,1986,2714,1771,857,72,11,3,0
Oregon,1987,2516,1580,857,65,12,2,0
Oregon,1988,3331,2241,1003,65,15,3,2
Oregon,1989,2762,1853,829,70,7,3,0
Oregon,1990,2858,2005,801,42,7,3,0
Oregon,1991,3090,2213,837,38,2,0,0
Oregon,1992,3024,2261,719,38,6,0,0
Oregon,1993,3045,2369,665,9,2,0,0
Oregon,1994,3061,2537,509,13,2,0,0
Oregon,1995,3095,2751,329,13,2,0,0
Oregon,1996,3023,2674,286,46,14,3,0
Oregon,1997,3052,2801,249,2,0,0,0
Oregon,1998,2986,2778,168,32,7,1,0
Oregon,1999,3624,2875,682,53,14,0,0
Oregon,2000,4359,3441,826,82,10,0,0
Oregon,2001,4424,3579,771,60,13,0,1
Oregon,2002,4490,3440,916,100,32,2,0
Oregon,2003,3265,2756,452,52,5,0,0
Oregon,2004,6048,4742,1208,88,10,0,0
Oregon,2005,7176,5696,1348,114,18,0,0
Oregon,2006,7484,6046,1335,89,13,1,0
Oregon,2007,7439,5936,1393,99,11,0,0
Oregon,2008,7776,5952,1701,112,11,0,0
Oregon,2009,8551,6714,1734,86,17,0,0
Oregon,2010,8586,7393,1168,22,3,0,0
Oregon,2011,8209,6671,1442,85,11,0,0
Oregon,2012,8270,6923,1281,47,14,1,3
Oregon,2013,8286,6354,1741,138,46,5,2
Oregon,2014,7947,6674,1195,64,14,0,0
Oregon,2015,7957,6501,1299,103,53,1,0
Oregon,2016,7556,6719,829,7,1,0,0
Oregon,2017,7903,6142,1447,171,114,22,7
Oregon,2018,1365,1246,115,3,1,0,0
Pennsylvania,1980,7171,2878,2456,1187,469,180,1
Pennsylvania,1981,8176,3896,2816,1097,315,52,0
Pennsylvania,1982,8351,3824,2820,1263,405,39,0
Pennsylvania,1983,8367,4170,2508,1041,540,108,0
Pennsylvania,1984,8430,4185,2700,1156,360,29,0
Pennsylvania,1985,8288,4030,2791,1181,263,23,0
Pennsylvania,1986,8279,4428,2656,964,216,15,0
Pennsylvania,1987,8280,4259,2580,995,378,68,0
Pennsylvania,1988,8070,4058,2300,969,515,226,1
Pennsylvania,1989,8410,4625,2632,915,226,12,0
Pennsylvania,1990,8741,5105,2416,972,232,16,0
Pennsylvania,1991,9357,5168,2653,1169,329,38,0
Pennsylvania,1992,9320,6085,2294,790,148,3,0
Pennsylvania,1993,9147,5436,2419,1043,233,14,2
Pennsylvania,1994,8593,4791,2578,981,228,14,1
Pennsylvania,1995,8592,5349,2198,776,230,39,0
Pennsylvania,1996,9395,6062,2345,819,162,6,1
Pennsylvania,1997,10029,6305,2487,919,285,33,0
Pennsylvania,1998,10417,6219,2578,1163,432,25,0
Pennsylvania,1999,10679,5780,3383,1099,373,44,0
Pennsylvania,2000,11185,6570,3700,767,135,13,0
Pennsylvania,2001,11430,5796,4126,1174,319,15,0
Pennsylvania,2002,11464,6182,3673,1108,450,51,0
Pennsylvania,2003,11483,6477,4137,729,113,27,0
Pennsylvania,2004,11569,6818,4083,604,64,0,0
Pennsylvania,2005,11842,6324,4319,1043,154,2,0
Pennsylvania,2006,12008,7676,3629,616,87,0,0
Pennsylvania,2007,11932,7288,3757,806,75,6,0
Pennsylvania,2008,11710,7562,3571,529,47,1,0
Pennsylvania,2009,11627,7668,3748,204,7,0,0
Pennsylvania,2010,11826,7092,4193,491,50,0,0
Pennsylvania,2011,12931,8227,4364,314,26,0,0
Pennsylvania,2012,13522,8547,4472,461,42,0,0
Pennsylvania,2013,14058,9836,4034,184,4,0,0
Pennsylvania,2014,14017,9856,4020,136,5,0,0
Pennsylvania,2015,13723,9451,4083,182,7,0,0
Pennsylvania,2016,13752,10233,3359,158,1,1,0
Pennsylvania,2017,13750,10242,3411,91,6,0,0
Pennsylvania,2018,7227,5640,1532,54,1,0,0
Rhode Island,1980,696,276,280,91,34,15,0
Rhode Island,1981,711,364,232,86,19,10,0
Rhode Island,1982,697,353,248,75,14,7,0
Rhode Island,1983,703,409,208,55,22,9,0
Rhode Island,1984,666,346,218,62,25,15,0
Rhode Island,1985,494,241,178,53,14,8,0
Rhode Island,1986,552,285,202,47,14,4,0
Rhode Island,1987,549,305,169,49,19,7,0
Rhode Island,1988,542,290,149,74,21,8,0
Rhode Island,1989,527,296,183,39,8,1,0
Rhode Island,1990,579,395,145,23,12,4,0
Rhode Island,1991,568,373,147,26,15,7,0
Rhode Island,1992,580,408,135,31,6,0,0
Rhode Island,1993,545,395,120,23,6,1,0
Rhode Island,1994,572,399,120,42,8,3,0
Rhode Island,1995,595,472,85,22,10,6,0
Rhode Island,1996,602,452,128,17,5,0,0
Rhode Island,1997,642,508,98,19,16,1,0
Rhode Island,1998,796,624,136,30,6,0,0
Rhode Island,1999,771,531,185,36,16,3,0
Rhode Island,2000,836,563,236,28,7,2,0
Rhode Island,2001,827,500,251,47,21,8,0
Rhode Island,2002,840,527,229,53,27,4,0
Rhode Island,2003,775,508,229,26,11,1,0
Rhode Island,2004,778,556,197,17,7,1,0
Rhode Island,2005,767,514,205,35,13,0,0
Rhode Island,2006,791,569,188,29,4,1,0
Rhode Island,2007,784,548,181,44,11,0,0
Rhode Island,2008,797,581,195,16,5,0,0
Rhode Island,2009,869,703,158,8,0,0,0
Rhode Island,2010,930,727,182,19,2,0,0
Rhode Island,2011,944,731,194,19,0,0,0
Rhode Island,2012,1028,810,190,25,3,0,0
Rhode Island,2013,1087,874,192,20,1,0,0
Rhode Island,2014,1093,953,137,3,0,0,0
Rhode Island,2015,1083,859,209,12,3,0,0
Rhode Island,2016,1081,921,147,12,1,0,0
Rhode Island,2017,1076,956,106,13,1,0,0
Rhode Island,2018,318,290,28,0,0,0,0
South Carolina,1980,3305,2093,741,385,83,3,0
South Carolina,1981,3747,2495,891,311,49,1,0
South Carolina,1982,3334,2520,574,202,37,1,0
South Carolina,1983,3730,2624,725,286,90,5,0
South Carolina,1984,3649,2673,725,217,33,1,0
South Carolina,1985,3467,2691,594,162,20,0,0
South Carolina,1986,4292,3112,819,300,56,5,0
South Carolina,1987,4126,2819,843,387,72,5,0
South Carolina,1988,4684,3200,924,405,136,19,0
South Carolina,1989,4481,3538,757,173,13,0,0
South Carolina,1990,5885,4076,1326,405,77,1,0
South Carolina,1991,6384,5136,1069,167,12,0,0
South Carolina,1992,6718,5414,1084,204,15,1,0
South Carolina,1993,7257,5137,1660,403,51,6,0
South Carolina,1994,6955,5499,1247,176,33,0,0
South Carolina,1995,6756,5034,1458,233,28,3,0
South Carolina,1996,6877,5263,1340,246,27,1,0
South Carolina,1997,6726,4674,1614,402,36,0,0
South Carolina,1998,6616,4286,1596,570,159,5,0
South Carolina,1999,6957,3998,2243,602,110,4,0
South Carolina,2000,7063,3911,2577,517,58,0,0
South Carolina,2001,7156,4412,2309,401,34,0,0
South Carolina,2002,7456,4661,2164,476,153,2,0
South Carolina,2003,7720,5377,2128,208,7,0,0
South Carolina,2004,7677,5169,2306,193,9,0,0
South Carolina,2005,7345,4697,2331,302,15,0,0
South Carolina,2006,7373,4661,2498,198,15,1,0
South Carolina,2007,7088,4375,2496,205,11,1,0
South Carolina,2008,5768,3897,1723,138,9,1,0
South Carolina,2009,6379,5244,1125,10,0,0,0
South Carolina,2010,6520,4870,1582,68,0,0,0
South Carolina,2011,5994,4184,1726,80,4,0,0
South Carolina,2012,5324,4248,1051,23,2,0,0
South Carolina,2013,5628,4851,775,2,0,0,0
South Carolina,2014,5577,4638,933,5,1,0,0
South Carolina,2015,5617,4906,707,4,0,0,0
South Carolina,2016,5895,5063,798,23,11,0,0
South Carolina,2017,5819,5148,665,6,0,0,0
South Carolina,2018,4548,4015,528,5,0,0,0
South Dakota,1985,347,315,32,0,0,0,0
South Dakota,1986,397,376,21,0,0,0,0
South Dakota,1987,359,344,15,0,0,0,0
South Dakota,1988,525,481,44,0,0,0,0
South Dakota,1989,595,556,39,0,0,0,0
South Dakota,1990,629,578,50,1,0,0,0
South Dakota,1991,723,684,37,2,0,0,0
South Dakota,1992,687,622,63,2,0,0,0
South Dakota,1993,582,530,52,0,0,0,0
South Dakota,1994,586,493,93,0,0,0,0
South Dakota,1995,589,506,83,0,0,0,0
South Dakota,1996,588,495,90,3,0,0,0
South Dakota,1997,589,484,103,2,0,0,0
South Dakota,1998,685,645,40,0,0,0,0
South Dakota,1999,785,639,143,3,0,0,0
South Dakota,2000,1170,971,197,1,0,1,0
South Dakota,2001,1376,1143,229,4,0,0,0
South Dakota,2002,1640,1404,229,7,0,0,0
South Dakota,2003,1528,1226,294,8,0,0,0
South Dakota,2004,1716,1426,288,2,0,0,0
South Dakota,2005,1956,1568,378,10,0,0,0
South Dakota,2006,2164,1737,414,13,0,0,0
South Dakota,2007,2397,2081,312,4,0,0,0
South Dakota,2008,2563,2292,264,5,2,0,0
South Dakota,2009,3030,2650,372,5,2,0,1
South Dakota,2010,3037,2596,436,4,1,0,0
South Dakota,2011,3006,2666,337,3,0,0,0
South Dakota,2012,3040,2294,730,15,1,0,0
South Dakota,2013,3019,2463,555,1,0,0,0
South Dakota,2014,3025,2711,311,3,0,0,0
South Dakota,2015,3387,2939,431,16,1,0,0
South Dakota,2016,3396,3128,262,6,0,0,0
South Dakota,2017,3395,3050,335,8,2,0,0
South Dakota,2018,1686,1460,217,8,0,0,1
Tennessee,1980,8140,3715,2095,1670,640,20,0
Tennessee,1981,8075,3788,2121,1651,510,5,0
Tennessee,1982,8130,4491,1986,1284,362,7,0
Tennessee,1983,8062,4594,1756,1313,389,9,1
Tennessee,1984,7340,3785,1919,1274,360,2,0
Tennessee,1985,7430,4102,1813,1161,350,4,0
Tennessee,1986,7277,3886,1840,1175,370,6,0
Tennessee,1987,6471,3602,1662,880,322,5,0
Tennessee,1988,7982,4423,1878,1201,439,41,0
Tennessee,1989,8510,5492,1886,931,199,2,0
Tennessee,1990,8844,5500,1862,1180,295,7,0
Tennessee,1991,9065,6109,1879,918,157,2,0
Tennessee,1992,8768,6157,1684,788,138,1,0
Tennessee,1993,8839,5754,1965,923,194,3,0
Tennessee,1994,9386,6160,2160,886,177,3,0
Tennessee,1995,9229,6291,1940,807,178,13,0
Tennessee,1996,8556,5567,1917,897,171,4,0
Tennessee,1997,8488,5232,2113,929,207,7,0
Tennessee,1998,8553,5285,1969,950,303,46,0
Tennessee,1999,8678,4516,2562,1222,358,20,0
Tennessee,2000,8959,4690,3053,997,208,11,0
Tennessee,2001,9499,5513,3057,820,108,1,0
Tennessee,2002,9019,5629,2347,805,230,8,0
Tennessee,2003,8101,4783,2737,528,53,0,0
Tennessee,2004,7861,4864,2578,396,23,0,0
Tennessee,2005,7689,4465,2541,637,46,0,0
Tennessee,2006,8264,4804,2851,550,57,2,0
Tennessee,2007,7636,3784,3017,755,79,1,0
Tennessee,2008,6304,3976,1974,321,33,0,0
Tennessee,2009,6581,5173,1302,105,1,0,0
Tennessee,2010,6416,4254,1886,263,13,0,0
Tennessee,2011,7014,4838,1947,216,13,0,0
Tennessee,2012,6562,4674,1648,210,27,3,0
Tennessee,2013,6716,5398,1302,16,0,0,0
Tennessee,2014,6655,5279,1324,52,0,0,0
Tennessee,2015,6345,5188,1121,36,0,0,0
Tennessee,2016,5941,4811,1059,59,11,1,0
Tennessee,2017,7124,6006,1091,25,2,0,0
Tennessee,2018,4386,3600,759,26,1,0,0
Texas,1980,4555,2631,1097,532,196,99,0
Texas,1981,4607,2772,1024,503,249,59,0
Texas,1982,5280,3240,1108,582,279,71,0
Texas,1983,5461,3254,1142,636,343,86,0
Texas,1984,5405,3080,1266,684,305,70,0
Texas,1985,4974,2926,1104,566,288,90,0
Texas,1986,5178,3214,1150,530,238,45,1
Texas,1987,4706,2713,1201,527,223,42,0
Texas,1988,5863,3549,1338,650,275,51,0
Texas,1989,5585,3650,1165,548,188,33,1
Texas,1990,6790,4689,1294,552,206,49,0
Texas,1991,6722,4837,1208,500,144,33,0
Texas,1992,6696,4811,1203,521,139,22,0
Texas,1993,6681,4982,1095,457,123,24,0
Texas,1994,6852,4829,1374,464,161,24,0
Texas,1995,7122,4646,1447,677,266,84,2
Texas,1996,7453,5416,1419,496,101,20,1
Texas,1997,7495,5379,1428,510,142,36,0
Texas,1998,8522,5941,1759,602,183,37,0
Texas,1999,8465,5598,2007,577,228,55,0
Texas,2000,9805,6301,2571,704,200,29,0
Texas,2001,10791,7301,2802,555,112,20,1
Texas,2002,11104,7670,2674,558,170,30,2
Texas,2003,11376,7537,3071,590,150,24,2
Texas,2004,11399,8259,2479,515,129,17,0
Texas,2005,12992,8045,4035,750,149,13,0
Texas,2006,13347,8660,3855,674,139,16,2
Texas,2007,13459,9317,3729,357,54,2,0
Texas,2008,13806,9827,3649,301,28,1,0
Texas,2009,14456,10696,3475,243,40,2,0
Texas,2010,14588,11096,3204,256,32,0,0
Texas,2011,14866,10051,4178,548,87,2,0
Texas,2012,14722,10744,3562,357,47,10,0
Texas,2013,14799,11311,3224,245,19,0,0
Texas,2014,14621,11422,3093,99,7,0,0
Texas,2015,14344,11228,2872,213,30,1,0
Texas,2016,14655,12387,2166,97,5,0,0
Texas,2017,16321,13475,2586,229,31,0,0
Texas,2018,9922,7503,2178,224,17,0,0
Utah,1980,2656,1676,599,285,89,7,0
Utah,1981,2127,1052,584,315,170,6,0
Utah,1982,1701,577,683,309,123,9,0
Utah,1983,1747,775,659,257,52,4,0
Utah,1984,1550,595,685,239,24,7,0
Utah,1985,1450,482,720,216,28,4,0
Utah,1986,1460,561,650,215,32,2,0
Utah,1987,1525,566,728,181,49,0,1
Utah,1988,1906,916,653,257,80,0,0
Utah,1989,2000,1003,676,248,68,5,0
Utah,1990,2007,1177,569,205,54,2,0
Utah,1991,1955,1132,577,217,29,0,0
Utah,1992,1957,1068,669,200,20,0,0
Utah,1993,2180,1349,650,159,22,0,0
Utah,1994,2380,1439,758,151,32,0,0
Utah,1995,2693,1957,661,62,13,0,0
Utah,1996,3017,2023,828,152,13,1,0
Utah,1997,2873,2130,692,49,2,0,0
Utah,1998,2318,1440,736,104,37,1,0
Utah,1999,2327,1324,911,84,7,1,0
Utah,2000,2613,1672,790,121,27,3,0
Utah,2001,2861,1798,878,141,42,2,0
Utah,2002,2918,1716,969,184,49,0,0
Utah,2003,2897,1801,936,148,11,1,0
Utah,2004,3131,1951,1011,109,60,0,0
Utah,2005,3251,2138,879,191,40,3,0
Utah,2006,3296,1927,1187,174,8,0,0
Utah,2007,3421,1829,1373,182,37,0,0
Utah,2008,3525,1996,1391,127,11,0,0
Utah,2009,3609,2202,1268,120,19,0,0
Utah,2010,3998,2493,1336,117,37,14,0
Utah,2011,4653,3007,1492,112,33,9,0
Utah,2012,5065,3174,1760,126,5,0,0
Utah,2013,4969,3120,1512,221,92,24,0
Utah,2014,4997,3768,1144,78,7,0,0
Utah,2015,4780,3504,1190,82,4,0,0
Utah,2016,4553,3324,1111,101,15,2,0
Utah,2017,4701,3048,1479,152,20,2,0
Utah,2018,4200,2419,1643,125,13,0,0
Vermont,1980,1469,1224,204,31,9,1,0
Vermont,1981,1498,1293,186,18,1,0,0
Vermont,1982,1202,975,182,41,4,0,0
Vermont,1983,932,778,124,27,3,0,0
Vermont,1984,990,828,138,20,3,1,0
Vermont,1985,1072,910,139,16,7,0,0
Vermont,1986,1027,899,112,15,1,0,0
Vermont,1987,1128,936,172,18,2,0,0
Vermont,1988,1119,909,154,43,11,2,0
Vermont,1989,1006,811,178,16,1,0,0
Vermont,1990,987,835,129,19,4,0,0
Vermont,1991,1039,835,162,34,8,0,0
Vermont,1992,1080,916,128,31,5,0,0
Vermont,1993,1097,908,158,26,5,0,0
Vermont,1994,995,766,176,52,1,0,0
Vermont,1995,1108,973,117,18,0,0,0
Vermont,1996,1098,965,121,8,4,0,0
Vermont,1997,1081,938,123,18,2,0,0
Vermont,1998,1041,891,136,14,0,0,0
Vermont,1999,1101,858,214,25,4,0,0
Vermont,2000,1066,879,176,10,1,0,0
Vermont,2001,1039,802,212,23,2,0,0
Vermont,2002,1144,906,202,27,9,0,0
Vermont,2003,1001,844,143,14,0,0,0
Vermont,2004,1239,1055,170,13,1,0,0
Vermont,2005,1249,1034,198,17,0,0,0
Vermont,2006,1276,1120,150,6,0,0,0
Vermont,2007,1148,987,148,12,1,0,0
Vermont,2008,1133,905,218,10,0,0,0
Vermont,2009,1089,888,196,5,0,0,0
Vermont,2010,1094,881,208,4,1,0,0
Vermont,2011,1096,822,265,9,0,0,0
Vermont,2012,1211,1018,188,5,0,0,0
Vermont,2013,1209,1015,189,5,0,0,0
Vermont,2014,1211,1039,169,3,0,0,0
Vermont,2015,1207,1024,180,3,0,0,0
Vermont,2016,1206,1119,86,1,0,0,0
Vermont,2017,1212,1109,102,1,0,0,0
Vermont,2018,564,484,79,1,0,0,0
Virginia,1980,5850,3553,1628,512,140,17,0
Virginia,1981,6259,4236,1535,374,104,10,0
Virginia,1982,6472,4521,1506,333,101,11,0
Virginia,1983,6937,4702,1425,508,242,60,0
Virginia,1984,7258,5180,1611,371,89,7,0
Virginia,1985,7294,5101,1578,489,118,8,0
Virginia,1986,7289,5089,1717,390,88,5,0
Virginia,1987,6918,4356,1795,541,206,20,0
Virginia,1988,7256,4876,1556,441,271,112,0
Virginia,1989,7207,4967,1792,383,62,3,0
Virginia,1990,7803,5477,1786,474,60,6,0
Virginia,1991,7739,5245,1841,532,111,10,0
Virginia,1992,7485,5566,1584,289,43,3,0
Virginia,1993,7892,5198,1863,666,155,10,0
Virginia,1994,7993,5656,1811,467,56,3,0
Virginia,1995,7778,5609,1609,448,103,9,0
Virginia,1996,7757,5723,1640,360,34,0,0
Virginia,1997,7737,5495,1585,523,124,10,0
Virginia,1998,7831,5337,1587,691,193,23,0
Virginia,1999,8537,5421,2234,682,191,9,0
Virginia,2000,8507,5610,2526,342,28,1,0
Virginia,2001,8722,5585,2603,425,106,3,0
Virginia,2002,8719,5541,2400,582,165,31,0
Virginia,2003,8431,5822,2317,234,48,10,0
Virginia,2004,8384,6007,2166,186,21,4,0
Virginia,2005,8163,5508,2283,342,30,0,0
Virginia,2006,8162,5723,2147,247,40,5,0
Virginia,2007,8381,5519,2530,302,30,0,0
Virginia,2008,8692,6511,1962,189,29,1,0
Virginia,2009,8725,7371,1338,16,0,0,0
Virginia,2010,8580,6135,2256,164,25,0,0
Virginia,2011,9518,7481,1892,129,16,0,0
Virginia,2012,9623,7890,1590,126,16,1,0
Virginia,2013,8962,7977,971,14,0,0,0
Virginia,2014,9127,8057,1058,11,1,0,0
Virginia,2015,9135,7985,1132,18,0,0,0
Virginia,2016,8666,7746,883,37,0,0,0
Virginia,2017,9380,8533,768,51,28,0,0
Virginia,2018,5383,4775,601,7,0,0,0
Washington,1980,2717,1447,794,351,119,6,0
Washington,1981,2828,1456,859,408,95,10,0
Washington,1982,2848,1613,760,397,78,0,0
Washington,1983,3050,1632,980,368,67,3,0
Washington,1984,3900,2307,1045,452,92,4,0
Washington,1985,3931,2384,1016,439,89,3,0
Washington,1986,4254,2462,1345,347,97,3,0
Washington,1987,4668,2557,1630,379,90,12,0
Washington,1988,4728,2778,1514,377,57,1,0
Washington,1989,4577,2907,1310,315,44,0,1
Washington,1990,4200,2590,1276,291,39,3,1
Washington,1991,4341,2802,1225,276,35,0,0
Washington,1992,4602,3197,1161,221,21,0,1
Washington,1993,4821,3710,1006,95,8,0,1
Washington,1994,5020,4018,846,131,20,5,0
Washington,1995,5002,4129,726,138,9,0,0
Washington,1996,5067,4339,621,90,17,0,0
Washington,1997,4890,4260,581,45,4,0,0
Washington,1998,5006,4469,467,63,4,3,0
Washington,1999,4899,4158,698,36,7,0,0
Washington,2000,4934,3915,936,77,6,0,0
Washington,2001,5093,4112,906,68,7,0,0
Washington,2002,5688,4344,1266,74,4,0,0
Washington,2003,8157,6375,1658,117,5,0,0
Washington,2004,9063,7208,1784,62,8,0,1
Washington,2005,9483,7787,1621,70,4,0,1
Washington,2006,9459,7652,1683,98,23,3,0
Washington,2007,10469,8626,1765,71,7,0,0
Washington,2008,10384,8682,1640,57,5,0,0
Washington,2009,10363,8701,1604,53,5,0,0
Washington,2010,10612,9534,1060,13,3,2,0
Washington,2011,10444,9041,1343,47,13,0,0
Washington,2012,10407,8892,1417,58,37,2,1
Washington,2013,10052,8275,1716,52,8,0,0
Washington,2014,9957,8716,1188,45,8,0,0
Washington,2015,10029,8490,1396,105,30,2,6
Washington,2016,10114,9206,880,23,5,0,0
Washington,2017,10397,8474,1607,182,118,16,0
Washington,2018,5739,5285,434,20,0,0,0
West Virginia,1980,1053,487,346,183,37,0,0
West Virginia,1981,649,411,168,67,3,0,0
West Virginia,1982,1330,552,341,345,92,0,0
West Virginia,1983,2954,1000,857,855,234,8,0
West Virginia,1984,3382,1165,1004,959,253,1,0
West Virginia,1985,3498,1360,1101,851,186,0,0
West Virginia,1986,3542,1299,1063,947,231,2,0
West Virginia,1987,3607,1238,1072,1001,290,6,0
West Virginia,1988,3598,1218,1038,967,336,39,0
West Virginia,1989,3575,1426,1014,914,219,2,0
West Virginia,1990,3422,1307,1031,869,215,0,0
West Virginia,1991,3547,1417,1081,818,228,3,0
West Virginia,1992,3726,1761,1146,672,147,0,0
West Virginia,1993,3795,1713,1093,707,282,0,0
West Virginia,1994,3809,1753,1145,670,234,7,0
West Virginia,1995,3843,2088,1107,569,77,2,0
West Virginia,1996,3865,2217,1069,518,61,0,0
West Virginia,1997,3862,2122,1080,585,73,2,0
West Virginia,1998,3759,1824,1131,665,134,5,0
West Virginia,1999,4054,1640,1602,680,128,4,0
West Virginia,2000,4288,1888,1778,571,51,0,0
West Virginia,2001,4435,2022,1763,590,60,0,0
West Virginia,2002,4439,2209,1591,532,104,3,0
West Virginia,2003,4435,2295,1628,455,55,2,0
West Virginia,2004,4427,2459,1568,372,27,1,0
West Virginia,2005,4296,2128,1713,429,26,0,0
West Virginia,2006,4132,2194,1568,357,13,0,0
West Virginia,2007,4116,1994,1647,447,28,0,0
West Virginia,2008,4128,2472,1418,226,12,0,0
West Virginia,2009,4127,2644,1349,126,8,0,0
West Virginia,2010,4096,2658,1328,101,9,0,0
West Virginia,2011,4331,3216,1049,58,8,0,0
West Virginia,2012,4340,3205,1060,72,3,0,0
West Virginia,2013,4295,3604,680,11,0,0,0
West Virginia,2014,4215,3505,704,6,0,0,0
West Virginia,2015,4207,3511,678,17,1,0,0
West Virginia,2016,4166,3662,491,13,0,0,0
West Virginia,2017,4882,4326,538,14,4,0,0
West Virginia,2018,2983,2594,363,17,9,0,0
Wisconsin,1980,8102,5311,1388,934,450,19,0
Wisconsin,1981,7221,4641,1294,856,400,30,0
Wisconsin,1982,6885,4401,1311,793,380,0,0
Wisconsin,1983,6851,4273,1244,893,400,41,0
Wisconsin,1984,6995,4406,1309,899,362,19,0
Wisconsin,1985,7159,4620,1392,869,274,4,0
Wisconsin,1986,7008,4657,1443,762,144,2,0
Wisconsin,1987,7135,4867,1386,654,172,56,0
Wisconsin,1988,7111,4465,1316,849,358,123,0
Wisconsin,1989,7532,5300,1464,576,163,29,0
Wisconsin,1990,7238,5516,1219,402,92,9,0
Wisconsin,1991,6883,5137,1076,493,143,34,0
Wisconsin,1992,7142,5975,813,319,32,3,0
Wisconsin,1993,7432,6557,659,194,21,1,0
Wisconsin,1994,7031,5935,804,231,51,10,0
Wisconsin,1995,7005,5551,978,341,106,29,0
Wisconsin,1996,6966,5798,835,268,53,12,0
Wisconsin,1997,7024,5666,1019,275,48,16,0
Wisconsin,1998,7372,5456,1471,359,81,5,0
Wisconsin,1999,7504,5262,1605,462,173,2,0
Wisconsin,2000,7205,5281,1659,229,36,0,0
Wisconsin,2001,7420,5244,1729,329,107,11,0
Wisconsin,2002,7546,5275,1807,359,90,15,0
Wisconsin,2003,7181,5146,1650,342,37,6,0
Wisconsin,2004,7359,5990,1210,152,7,0,0
Wisconsin,2005,7454,5182,1782,403,78,9,0
Wisconsin,2006,7558,5872,1533,139,13,1,0
Wisconsin,2007,7734,5601,1762,330,41,0,0
Wisconsin,2008,7977,6291,1581,94,11,0,0
Wisconsin,2009,7926,6475,1339,106,6,0,0
Wisconsin,2010,7726,6244,1337,131,14,0,0
Wisconsin,2011,7316,5758,1415,130,12,1,0
Wisconsin,2012,8209,5955,1858,334,62,0,0
Wisconsin,2013,8381,6517,1780,83,0,1,0
Wisconsin,2014,7959,6427,1418,112,2,0,0
Wisconsin,2015,8170,6884,1195,89,2,0,0
Wisconsin,2016,8015,6896,1003,109,7,0,0
Wisconsin,2017,8713,7622,1026,65,0,0,0
Wisconsin,2018,4567,3748,757,57,5,0,0
Wyoming,1984,5,5,0,0,0,0,0
Wyoming,1985,293,243,48,2,0,0,0
Wyoming,1986,473,421,47,5,0,0,0
Wyoming,1987,693,570,122,1,0,0,0
Wyoming,1988,932,764,163,5,0,0,0
Wyoming,1989,970,866,103,1,0,0,0
Wyoming,1990,994,921,73,0,0,0,0
Wyoming,1991,1305,1156,147,2,0,0,0
Wyoming,1992,1471,1311,158,0,2,0,0
Wyoming,1993,1494,1355,138,1,0,0,0
Wyoming,1994,1995,1700,261,23,5,1,3
Wyoming,1995,2275,1935,240,68,16,2,13
Wyoming,1996,1797,1678,118,1,0,0,0
Wyoming,1997,1850,1755,93,2,0,0,0
Wyoming,1998,1979,1853,123,2,0,0,1
Wyoming,1999,1957,1724,223,6,0,2,1
Wyoming,2000,2264,1993,260,9,2,0,0
Wyoming,2001,2474,2087,365,17,4,1,0
Wyoming,2002,2631,2139,466,20,5,1,0
Wyoming,2003,2861,2386,448,27,0,0,0
Wyoming,2004,3076,2686,372,13,2,0,2
Wyoming,2005,3157,2618,506,29,4,0,0
Wyoming,2006,3217,2476,715,23,1,1,1
Wyoming,2007,3971,3075,860,33,3,0,0
Wyoming,2008,4679,3724,921,24,9,1,0
Wyoming,2009,4800,4143,638,14,5,0,0
Wyoming,2010,5331,4454,863,14,0,0,0
Wyoming,2011,5662,4516,1101,37,5,3,0
Wyoming,2012,5860,4238,1538,71,12,1,0
Wyoming,2013,5742,4644,1080,16,1,0,1
Wyoming,2014,5896,5056,823,11,6,0,0
Wyoming,2015,5879,4989,868,18,4,0,0
Wyoming,2016,5938,5159,774,4,1,0,0
Wyoming,2017,5636,4398,1194,32,9,2,0
Wyoming,2018,3898,3037,846,13,2,0,0

